STT,Food_Code,Food_Name_Vietnamese,Food_Name_English,Waste_Pct_%,Water_g,Energy_kcal,Energy_kj,Protein_g,Fat_g,Carbohydrate_g,Fiber_g,Ash_g,Sugar_total_g,Galactose_g,Maltose_g,Lactose_g,Fructose_g,Glucose_g,Sucrose_g,Calcium_mg,Iron_mg,Magnesium_mg,Manganese_mg,Phosphorus_mg,Potassium_mg,Sodium_mg,Zinc_mg,Copper_ug,Selenium_ug,Vitamin_C_mg,Vitamin_B1_mg,Vitamin_B2_mg,Niacin_mg,Vitamin_B5_mg,Vitamin_B6_mg,Folate_ug,Folic_acid_ug,Biotin_ug,Vitamin_B12_ug,Vitamin_A_ug,Vitamin_D_ug,Vitamin_E_mg,Vitamin_K_ug,Beta_caroten_ug,Alpha_caroten_ug,Beta_cryptoxanthin_ug,Lycopene_ug,Lutein_Zeaxanthin_ug,Purin_mg,Total_isoflavone_mg,Daidzein_mg,Genistein_mg,Glycetin_mg,Total_SFA_g,Palmitic_C16_0_g,Margaric_C17_0_g,Stearic_C18_0_g,Arachidic_C20_0_g,Behenic_C22_0_g,Lignoceric_C24_0_g,Total_MUFA_g,Myristoleic_C14_1_g,Palmitoleic_C16_1_g,Oleic_C18_1_g,Total_PUFA_g,Linoleic_C18_2_n6_g,Linolenic_C18_2_n3_g,Arachidonic_C20_4_g,EPA_C20_5_n3_g,DHA_C22_6_n3_g,Total_trans_FA_g,Cholesterol_mg,Phytosterol_mg,Lysine_mg,Methionine_mg,Tryptophan_mg,Phenylalanine_mg,Threonine_mg,Valine_mg,Leucine_mg,Isoleucine_mg,Arginine_mg,Histidine_mg,Cystine_mg,Tyrosine_mg,Alanine_mg,Aspartic_acid_mg,Glutamic_acid_mg,Glycine_mg,Proline_mg,Serine_mg
1,1001,Gạo nếp cái,"Glutinous rice, milled",0.0,14.0,344,1441,8.6,1.5,74.5,0.6,0.8,,,,,,,,32,1.20,17,1.100,98,282,3,2.20,280,,0,0.14,0.06,2.4,,,,,,,0,0.00,,,0,0,0,0,0,,,,,,,,,,,,,,,,,,,,,,,,0,,207,66,,229,177,317,531,222,435,133,96,111,347,443,1210,281,376,309
2,1002,Gạo nếp máy (Loại thường),"Glutinous rice, milled",0.0,13.9,346,1447,8.4,1.6,74.9,0.5,0.7,,,,,,,,16,1.20,17,1.100,130,282,3,2.20,280,15.1,0,0.16,0.06,2.4,0.284,0.107,7,0,,0,0,,,,0,0,0,0,0,,,,,,0.110,0.090,0.000,0.010,0.000,0.000,0.000,0.200,0.000,0.000,0.200,0,0.190,0.010,0.000,0.000,0.000,,0,,246,160,79,364,244,416,563,294,568,160,140,228,395,640,1328,310,321,358
3,1003,Gạo tẻ giã,"Under milled, home-pounded rice",0.0,14.0,344,1439,8.1,1.3,75.0,0.7,0.9,,,,,,,,36,0.20,52,1.500,108,202,5,1.90,360,38.8,0,0.12,0.04,1.9,,,,,3,,0,,,,0,0,0,0,0,,,,,,,,,,,,,,,,,,,,,,,,0,,,,,,,,,,,,,,,,,,,
4,1004,Gạo tẻ máy,Ordinary polished rice,0.0,14.0,344,1439,7.9,1.0,75.9,0.4,0.8,,,,,,,,30,1.30,14,0.900,104,241,5,1.50,230,31.8,0,0.10,0.03,1.6,1.342,0.145,9,0,3,0,0,,,,0,0,0,0,0,,,,,,0.160,0.140,0.000,0.010,0.000,0.000,0.000,0.180,0.000,0.000,0.180,0,0.130,0.030,0.000,0.000,0.000,,0,,239,155,77,353,236,403,546,285,551,155,135,221,383,621,1288,301,311,347
5,1005,Gạo lứt,"Rice, brown or hulled",0.0,12.4,345,1443,7.5,2.7,72.8,3.4,1.3,,,,,,,,16,2.80,52,1.500,246,202,5,1.90,360,38.8,0,0.34,0.07,5.0,1.5,0.62,20,0,,,0,,,,0,0,0,0,0,,,,,,0.540,0.460,0.000,0.050,0.000,0.000,0.000,0.970,0.000,0.010,0.960,0,0.920,0.040,0.000,0.000,0.000,,0,,286,169,96,387,275,440,620,318,569,190,91,281,437,702,1528,369,352,388
6,1006,Kê,Foxtail millet,2.0,14.0,331,1385,7.0,3.0,69.0,3.4,3.6,,,,,,,,22,2.70,430,1.700,290,249,7,1.50,440,2.7,0,0.40,0.09,1.6,0.848,0.384,85,0,,0,0,,0.05,0.9,60,,,,,62,,,,,0.720,0.530,0.000,0.150,0.000,0.000,0.000,0.770,0.000,0.010,0.740,2,2.020,0.120,0.000,0.000,0.000,,0,,135,140,76,368,224,367,889,295,243,150,135,216,626,461,1522,182,557,409
7,1007,Ngô bắp tươi,"Fresh maize seeds, raw",45.0,52.0,196,818,4.1,2.3,39.6,1.2,0.8,1.7,,0.1,0,0.2,0.6,,4,0.60,39,0.350,170,306,3,1.40,240,4,12,0.15,0.08,1.8,0.54,0.16,33,0,0.5,0,0,,0.8,0,,,,,,52,,,,,0.280,0.240,0.000,0.040,0.000,0.000,0.000,0.520,0.000,0.000,0.520,0,0.860,0.030,0.000,0.000,0.000,,0,,100,71,24,190,140,180,470,140,150,100,59,140,280,240,760,140,330,190
8,1008,Ngô vàng hạt khô,"Yellow maize, dried seeds",2.0,14.0,354,1482,8.6,4.7,69.4,2.0,1.3,0.64,,,,,,,30,2.30,127,0.490,190,287,35,2.21,314,15.5,0,0.28,0.11,2.0,0.424,0.622,19,0,,0,0,,0.49,0.3,97,63,0,0,1355,,,,,,0.670,0.570,0.000,0.080,0.000,0.000,0.000,1.250,0.000,0.000,1.250,2,2.100,0.070,0.000,0.000,0.000,,0,,242,180,61,423,323,435,1054,308,429,262,155,350,644,598,1614,352,750,408
9,1009,Bánh bao nhân thịt,"Ball shaped dumpling, Vietnamese steamed buns",0.0,44.0,219,916,6.1,0.5,47.5,0.5,1.4,,,,,,,,19,1.50,,,88,,,,,,,0.10,0.04,1.0,,,,,,,0,,,,0,0,0,0,0,,,,,,,,,,,,,,,,,,,,,,,,0,,,,,,,,,,,,,,,,,,,
10,1010,Bánh đa nem,Rice paper for rollers,0.0,15.0,333,1394,4.0,0.2,78.9,0.5,1.4,,,,,,,,20,0.30,,,65,,,,,,0,,,,,,,,,,0,0.00,0,0,0,0,0,0,0,0,,,,,,,,,,,,,,,,,,,,,,,0,,,,,,,,,,,,,,,,,,,
11,1011,Bánh đúc,Rice pudding,0.0,86.8,52,215,0.9,0.3,11.3,0.1,0.6,,,,,,,,50,0.40,,,19,,,,,,0,,,,,,,,,,0,,,,0,0,0,0,0,,,,,,,,,,,,,,,,,,,,,,,,0,,,,,,,,,,,,,,,,,,,
12,1012,Bánh mỳ,French bread,0.0,37.2,249,1043,7.9,0.8,52.6,0.2,1.3,,,,,,,,28,2.00,,,164,,,,,,0,0.10,0.07,0.7,,,,,,,0,,,,0,0,0,0,0,,,,,,,,,,,,,,,,,,,,,,,,0,,163,133,66,314,216,366,460,294,294,133,188,208,280,392,1924,331,732,345
13,1013,Bánh phở,Rice noodles,0.0,64.3,143,599,3.2,0.4,31.7,0.0,0.4,,,,,,,,16,0.30,,,64,15,3,,,,0,0.01,0.01,0.2,,,,,,,0,0.00,0,0,0,0,0,0,0,0,,,,,,,,,,,,,,,,,,,,,,,0,,,,,,,,,,,,,,,,,,,
14,1014,Bánh quẩy,Wheat fritters twisted fried,0.0,38.7,292,1222,8.0,10.8,40.7,0.7,1.1,,,,,,,,,,,,,,,,,,0,,,,,,,,,,0,0.00,,0,0,0,0,0,0,0,,,,,,,,,,,,,,,,,,,,,,,0,,,,,,,,,,,,,,,,,,,
15,1015,Bỏng ngô,Corn flakes,0.0,3.0,372,1556,8.6,1.6,80.8,3.4,2.6,,,,,,,,3,0.60,,,47,,,,,,0,0.02,0.03,0.6,,,,,,,0,,,,0,0,0,0,0,,,,,,,,,,,,,,,,,,,,,,,,0,,230,166,61,421,310,418,1081,316,362,235,134,330,650,541,1634,319,771,429
16,1016,Bột gạo nếp,Glutinous rice flour,0.0,10.0,362,1516,8.2,1.6,78.8,0.6,0.8,,,,,,,,12,0.80,18,1.140,148,293,3,2.29,291,15.7,0,0.10,0.02,1.7,0.295,0.111,7,0,,0,0,,,,0,0,0,0,0,,,,,,0.110,0.090,0.000,0.010,0.000,0.000,0.000,0.200,0.000,0.000,0.190,0,0.180,0.010,0.000,0.000,0.000,,0,,240,156,77,355,238,406,550,287,554,156,137,223,386,625,1296,303,313,349
17,1017,Bột gạo tẻ,Rice ordinary flour,0.0,10.0,359,1501,6.6,0.4,82.2,0.4,0.4,,,,,,,,24,1.90,35,1.200,135,76,0,0.80,130,15.1,0,0.08,0.05,2.1,0.819,0.436,4,0,1,0,0,,0.11,0,0,0,0,0,0,,,,,,0.390,0.350,0.000,0.030,0.000,0.000,0.000,0.440,0.000,0.010,0.440,0,0.310,0.070,0.000,0.000,0.000,,0,,207,144,72,317,210,348,488,244,516,149,107,314,332,549,1097,267,278,310
18,1018,Bột mì,Wheat flour,0.0,14.0,346,1446,10.3,1.1,73.6,0.3,0.7,,,,,,,,29,2.00,173,2.000,132,186,4,2.50,21,28,0,0.18,0.13,1.0,1.008,0.341,44,0,1.9,0,0,,0.82,1.9,0,0,0,0,0,14,,,,,0.320,0.270,0.000,0.020,0.000,0.000,0.000,0.230,0.000,0.010,0.220,0,0.740,0.040,0.000,0.000,0.000,,0,,340,140,110,630,380,520,780,380,320,170,265,142,278,329,3480,341,1254,449
19,1019,Bột ngô vàng,Yellow maize flour,0.0,12.0,361,1511,8.3,4.0,73.0,1.5,1.2,,,,,,,,15,2.10,93,0.460,170,315,5,1.73,230,15.4,0,0.17,0.08,1.9,0.658,0.37,25,0,,0,0,,0.42,0.3,97,63,0,0,1355,,,,,,0.540,0.460,0.000,0.060,0.000,0.000,0.000,1.020,0.000,0.000,1.020,1,1.710,0.050,0.000,0.000,0.000,,0,,195,145,49,340,261,351,850,248,345,211,125,282,518,482,1300,284,605,329
20,1020,Bún,Rice vermicelli,0.0,72.0,110,459,1.7,,25.7,0.5,0.1,,,,,,,,12,0.20,,,32,,,,,,0,0.04,0.01,1.3,,,,,,,0,,,,0,0,0,0,0,,,,,,,,,,,,,,,,,,,,,,,,0,,,,,,,,,,,,,,,,,,,
21,1021,Cốm,"Rice, unriped. Raw",0.0,25.0,297,1242,6.1,0.8,66.3,0.6,1.2,,,,,,,,24,1.00,,,143,,,,,,0,,,,,,,,,,0,,,,0,0,0,0,0,,,,,,,,,,,,,,,,,,,,,,,,0,,,,,,,,,,,,,,,,,,,
22,1022,Mỳ sợi,Wheat noodles,0.0,13.0,349,1460,11.0,0.9,74.2,0.3,0.6,,,,,,,,34,1.50,,,97,,,,,,0,0.10,0.04,1.1,,,,,,,0,,,,0,0,0,0,0,,,,,,,,,,,,,,,,,,,,,,,,0,,432,320,150,702,490,808,1036,667,679,300,,,,,,,,
23,1023,Ngô nếp luộc,"Glutinous maize, boiled",50.0,59.0,167,699,3.9,2.2,32.9,1.2,0.8,,,,,,,,18,0.80,,,146,,,,,,0,,,,,,,,,,0,,,,0,0,0,0,0,,,,,,,,,,,,,,,,,,,,,,,,0,,,,,,,,,,,,,,,,,,,
24,2001,Củ ấu,Water-caltrops,50.0,69.2,115,481,3.6,0.5,24.0,1.0,1.7,,,,,,,,9,0.70,,,49,,,,,,5,0.23,0.05,1.9,,,,,,,0,,,,5,,,,,,,,,,,,,,,,,,,,,,,,,,,,0,,,,,,,,,,,,,,,,,,,
25,2002,Củ cải,Yam winged,15.0,65.5,127,532,3.1,0.2,28.3,1.8,1.1,,,,,,,,20,2.90,20,,32,397,12,11.00,,,1,,,,0.314,0.293,23,0,,0,0,,0.39,2.6,83,,,,,,,,,,0.040,0.030,0.000,0.000,0.000,0.000,0.000,0.010,0.000,0.000,0.010,0,0.060,0.010,0.000,0.000,0.000,,0,,59,21,12,71,54,62,96,52,127,34,19,40,63,155,181,53,54,81
26,2003,Củ dong,Bermuda tuber,4.0,66.5,119,499,1.4,,28.4,2.4,1.3,,,,,,,,42,,,,21,,,,,,,,,,,,,,,,0.00,,,,0,0,0,0,0,,,,,,,,,,,,,,,,,,,,,,,,0,,,,,,,,,,,,,,,,,,,
27,2004,Củ sắn,Bitter cassava,25.0,60.0,152,635,1.1,0.2,36.4,1.5,0.8,,,,,,,,25,1.20,4,,30,394,2,,,,34,0.03,0.03,0.6,0.107,0.088,27,0,,0,0,,0.19,1.9,8,0,0,0,0,,,,,,0.070,0.070,0.000,0.010,0.000,0.000,0.000,0.080,0.000,0.000,0.080,0,0.030,0.020,0.000,0.000,0.000,,0,,44,11,19,26,28,35,39,27,137,20,28,17,38,79,206,28,33,33
28,2005,Củ sắn dây,Radix puerariae,10.0,60.3,119,499,1.6,0.1,28.0,9.2,0.8,,,,,,,,28,0.20,,,45,,,,,,,,,,,,,,,,0,,,,0,0,0,0,0,,,,,,,,,,,,,,,,,,,,,,,,0,,,,,,,,,,,,,,,,,,,
29,2006,Củ súng khô (đã bỏ vỏ),"Nymphaea stellata wild, dried, unshelled",0.0,8.6,350,1465,16.1,0.5,70.3,2.3,2.2,,,,,,,,100,0.20,,,720,,,,,,,,,,,,,,,,0,,,,0,0,0,0,0,,,,,,,,,,,,,,,,,,,,,,,,0,,,,,,,,,,,,,,,,,,,
30,2007,Củ từ,"Igname Yam, Chinese",6.0,75.0,92,385,1.5,,21.5,1.2,0.8,,,,,,,,28,0.20,,,30,,,,,,2,,,,,,,,,,0,,,,0,0,0,0,0,,,,,,,,,,,,,,,,,,,,,,,,0,,,,,,,,,,,,,,,,,,,
31,2008,Khoai lang,"Sweet potato, white",17.0,68.0,119,498,0.8,0.2,28.5,1.3,1.2,,,,,,,,34,1.00,201,0.390,49,210,31,0.20,260,7.1,23,0.05,0.05,0.6,0.8,0.209,11,0,,0,0,,0.26,1.8,150,,,,,,,,,,0.020,0.020,0.000,0.000,0.000,0.000,0.000,0.000,0.000,0.000,0.000,0,0.010,0.000,0.000,0.000,0.000,,0,,30,10,2,40,40,30,40,30,30,10,12,48,58,176,139,42,34,50
32,2009,Khoai lang nghệ,"Sweet potato, yellow",13.0,69.9,116,485,1.2,0.3,27.1,0.8,0.7,,,,,,,,36,0.90,,,56,,,,,,30,0.12,0.05,0.6,,,,,,,0,,,,1470,,,,,,,,,,,,,,,,,,,,,,,,,,,,0,,42,11,12,42,50,61,64,40,35,19,12,48,58,176,130,12,34,50
33,2010,Khoai môn,"Chinese Yam, spiny yam",14.0,70.8,109,454,1.5,0.2,25.2,1.2,1.1,,,,,,,,44,0.80,,,44,,,,,,4,0.09,0.03,0.1,,,,,,,0,,,,,,,,,,,,,,,,,,,,,,,,,,,,,,,,0,,,,,,,,,,,,,,,,,,,
34,2011,Khoai nước,Water-taro,14.0,72.5,98,410,1.0,0.1,23.3,2.0,1.1,,,,,,,,52,0.20,,,35,,,,,,3,,,,,,,,,,0,,,,,,,,,,,,,,,,,,,,,,,,,,,,,,,,0,,,,,,,,,,,,,,,,,,,
35,2012,Khoai riềng,Edible canna,19.0,70.0,104,433,0.8,,25.1,2.5,1.6,,,,,,,,64,1.70,,,107,,,,,,,,,,,,,,,,0,,,,,,,,,,,,,,,,,,,,,,,,,,,,,,,,0,,,,,,,,,,,,,,,,,,,
36,2013,Khoai sọ,Taro tuber,18.0,69.0,114,477,1.8,0.1,26.5,1.2,1.4,,,,,,,,64,1.50,33,0.380,75,448,10,,,,4,0.06,0.03,0.1,0.303,0.283,22,0,,0,0,,2.38,1,35,,20,,,,,,,,0.040,0.040,0.000,0.010,0.000,0.000,0.000,0.020,0.000,0.000,0.020,0,0.060,0.030,0.000,0.000,0.000,,0,,70,10,20,90,80,90,150,70,140,30,17,54,40,180,80,68,61,110
37,2014,Khoai tây,"Potato, white",13.0,75.0,93,387,2.0,0.1,20.9,1.0,1.0,,,,,,,,10,1.20,32,0.200,50,396,7,0.30,230,0.5,10,0.10,0.05,0.9,0.281,0.203,18,0,0.47,0,0,,0.01,1.6,5,0,0,0,13,16,,,,,0.030,0.020,0.000,0.000,0.000,0.000,0.000,0.000,0.000,0.000,0.000,0,0.030,0.010,0.000,0.000,0.000,,0,,100,30,20,110,70,100,230,230,90,30,10,47,76,211,174,64,64,70
38,2015,Miến dong,Vermicelli from Bermuda tuber,0.0,14.5,332,1390,0.6,0.1,82.2,1.5,1.1,,,,,,,,40,1.00,,,120,,,,,,,,,,,,,,,,0,,,,0,0,0,0,0,,,,,,,,,,,,,,,,,,,,,,,,0,,,,,,,,,,,,,,,,,,,
39,2016,Bột dong lọc,Bermuda flour,0.0,14.0,341,1428,0.6,,84.7,0.5,0.2,,,,,,,,37,1.70,,,18,,,,,,,,,,,,,,,,0,,,,0,0,0,0,0,,,,,,,,,,,,,,,,,,,,,,,,0,,,,,,,,,,,,,,,,,,,
40,2017,Bột khoai lang,Sweet potato flour,0.0,14.0,334,1398,2.2,0.5,80.2,1.6,1.5,,,,,,,,50,2.00,,,95,,,,,,,0.24,0.09,1.5,,,,,,,0,,,,0,0,0,0,0,,,,,,,,,,,,,,,,,,,,,,,,0,,,,,,,,,,,,,,,,,,,
41,2018,Bột khoai riềng (bột đao),"Canna edulis Ker, flour",0.0,14.0,337,1411,0.2,,84.1,1.5,0.2,,,,,,,,16,,,,17,,,,,,,,,,,,,,,,0,,,,0,0,0,0,0,,,,,,,,,,,,,,,,,,,,,,,,0,,,,,,,,,,,,,,,,,,,
42,2019,Bột khoai tây (lọc),"Potato flour, white",0.0,13.6,345,1441,1.0,0.3,84.4,0.4,0.3,,,,,,,,30,3.00,,,125,,,,,,,0.01,,0.4,0.474,0.769,25,0,,0,0,,0.25,0,0,0,0,0,0,,,,,,0.090,0.060,0.000,0.010,0.000,0.000,0.000,0.010,0.000,0.000,0.000,0,0.110,0.040,0.000,0.000,0.000,,0,,35,8,9,24,20,36,33,22,25,10,5,12,21,91,80,17,21,21
43,2020,Bột sắn,Cassava flour,0.0,14.0,333,1391,2.4,0.5,79.6,2.2,1.3,,,,,,,,84,,,,37,,,,,,,0.02,0.03,0.1,,,,,,,0,,,,0,0,0,0,0,,,,,,,,,,,,,,,,,,,,,,,,0,,,,,,,,,,,,,,,,,,,
44,2021,Bột sắn dây,Radix puerariae flour,0.0,14.0,340,1423,0.7,,84.3,0.8,0.2,,,,,,,,18,1.50,,,20,,,,,,,,,,,,,,,,0,,,,0,0,0,0,0,,,,,,,,,,,,,,,,,,,,,,,,0,,,,,,,,,,,,,,,,,,,
45,2022,Khoai lang khô,"Sweet potato, dried",5.0,11.0,333,1395,2.2,0.5,80.0,3.6,2.7,,,,,,,,95,2.78,559,1.080,137,584,86,0.56,723,19.7,,0.09,0.07,1.7,2.225,0.581,31,0,,0,0,,0.72,5.0,417,,,,,,,,,,0.050,0.050,0.000,0.000,0.000,0.000,0.000,0.000,0.000,0.000,0.000,0,0.030,0.000,0.000,0.000,0.000,,0,,70,30,4,100,110,90,120,90,90,40,33,132,160,484,382,116,94,138
46,2023,Khoai tây khô,"Potato, white, dried",0.0,11.0,330,1379,6.6,0.3,75.1,3.4,3.6,,,,,,,,37,4.30,114,0.710,180,1410,25,1.07,819,1.78,,0.36,0.18,3.2,1.000,0.723,64,0,,0,0,,0.04,5.7,18,0,0,0,46,,,,,,0.080,0.050,0.000,0.010,0.000,0.000,0.000,0.010,0.000,0.000,0.000,0,0.100,0.030,0.000,0.000,0.000,,0,,330,110,50,360,240,320,750,750,290,110,33,155,251,696,574,211,211,231
47,2024,Khoai tây lát chiên,"Potato crisp, fried",0.0,3.0,525,2195,2.2,35.4,49.3,6.3,3.8,,,,,,,,37,2.10,,,130,,,,,,1,0.15,0.02,4.6,,,,,,,0,,,,,,,,,,,,,,,,,,,,,,,,,,,,,,,,0,,,,,,,,,,,,,,,,,,,
48,2025,Sắn khô,Dried bitter cassava,5.0,11.0,340,1420,3.0,0.7,80.3,3.0,2.0,,,,,,,,96,7.90,,,81,,,,,,,0.06,0.05,0.8,,,,,,,0,,,,0,0,0,0,0,,,,,,,,,,,,,,,,,,,,,,,,0,,,,,,,,,,,,,,,,,,,
49,2026,Trân châu sắn,"Tapioca, pearls E.P",0.0,14.0,341,1428,1.0,,84.3,0.6,0.1,,,,,,,,30,2.00,,,50,,,,,,,0.04,,,,,,,,,0,,,,0,0,0,0,0,,,,,,,,,,,,,,,,,,,,,,,,0,,,,,,,,,,,,,,,,,,,
50,3001,Cùi dừa già,"Coconut meat, mature, raw",20.0,47.6,368,1540,4.8,36.0,6.2,4.2,1.2,,,,,,,,30,30.00,160,1.300,154,555,7,5.00,50,,2,0.10,0.01,0.2,0.3,0.054,26,0,,0,0,,0.24,0.2,0,0,0,0,0,,,,,,29.700,2.840,0.000,1.730,0.000,0.000,0.000,1.430,0.000,0.000,1.430,0,0.370,0.000,0.000,0.000,0.000,,0,,147,62,39,169,121,202,247,131,546,77,66,103,170,325,761,158,138,172
51,3002,Cùi dừa non,"Coconut meat, immature, raw",0.0,87.8,40,166,3.5,1.7,2.6,3.5,0.9,,,,,,,,4,1.00,,,53,,,,,,6,0.04,0.03,0.8,,,,,,,0,,,,0,0,0,0,0,,,,,,,,,,,,,,,,,,,,,,,,0,,,,,,,,,,,,,,,,,,,
52,3003,Đậu cô ve (hạt),"French bean seeds, dried",10.0,14.0,321,1344,21.8,1.6,54.9,3.5,4.2,,,,,,,,96,,,,360,,,,,,,,,,,,,,,,0,,,,,,,,,37,,,,,,,,,,,,,,,,,,,,,,,0,,,,,,,,,,,,,,,,,,,
53,3004,Đậu đen (hạt),"Black bean seeds, dried",2.0,14.0,325,1361,24.2,1.7,53.3,4.0,2.8,,,,,,,,56,6.10,,,354,,,,,,3,0.50,0.21,1.8,0.899,0.286,444,0,,,0,,0.22,6,30,,,,,222,0,0,0,0,0.370,0.340,0.000,0.020,0.000,0.000,0.000,0.120,0.000,0.000,0.120,0,0.330,0.280,0.000,0.000,0.000,,0,,1483,325,256,1168,909,1130,1725,954,1337,601,235,608,905,2613,3294,843,916,1175
54,3005,Đậu đũa (hạt),"Cow pea whole seeds, dried",10.0,14.0,320,1341,23.7,2.0,51.9,4.3,4.1,,,,,,,,110,6.50,,,382,,,,,,1,0.59,0.22,2.3,1.496,0.357,633,0,,0,0,,0.39,5,10,,,,,,0.03,0.01,0.02,,0.330,0.250,0.000,0.050,0.000,0.000,0.000,0.110,0.000,0.000,0.090,0,0.340,0.200,0.000,0.000,0.000,,0,,1503,312,323,1176,911,1554,1931,1514,1975,1140,123,592,908,2904,3594,871,1488,1198
55,3006,Đậu Hà lan (hạt),"Peas garden and field, seeds, dried",0.0,13.6,318,1330,22.2,1.4,54.1,6.0,2.7,,,,,,,,57,4.40,145,,303,135,9,4.00,930,0.4,0,0.77,0.18,3.1,1.758,0.174,274,0,,0,0,,0.09,14.5,70,,,,,,2.42,2.42,,,0.160,0.130,0.000,0.030,0.000,0.000,0.000,0.240,0.000,0.000,0.230,0,0.410,0.080,0.000,0.000,0.000,,0,135,1772,251,275,1132,872,1159,1760,1014,2188,597,373,711,1080,2896,4196,1092,1014,1080
56,3007,Đậu tương (đậu nành),"Yellow dried soybean seeds, dried",2.0,14.0,400,1674,34.0,18.4,24.6,4.5,4.5,,,,,,,,165,11.00,236,1.200,690,1504,2,3.80,300,1.5,4,0.54,0.29,2.3,0.793,0.377,375,0,60,0,0,,0.85,47,30,,,,,,151.17,67.79,72.51,10.88,2.880,2.120,0.000,0.710,0.000,0.000,0.000,4.400,0.000,0.060,4.350,11,9.930,1.330,0.000,0.000,0.000,,0,161,1970,680,480,1800,1600,1430,2240,1670,2410,780,485,988,1671,4361,7098,1551,1989,1851
57,3008,Đậu trắng hạt (Đậu Tây),"Kidney bean whole seeds, dried",2.0,14.0,327,1368,23.2,2.1,53.8,3.6,3.3,,,,,,,,160,6.80,,,514,,,,,,3,0.54,0.18,2.1,0.78,0.397,394,0,,0,0,,0.22,19,10,,,,,128,0.06,0.02,0.04,,0.120,0.110,0.000,0.010,0.000,0.000,0.000,0.060,0.000,0.000,0.060,0,0.180,0.280,0.000,0.000,0.000,,0,127,1160,300,320,1280,740,930,1460,950,1620,600,133,631,551,1976,3564,680,778,1069
58,3009,Đậu trứng cuốc,"Egg bird bean seeds, dried",2.0,14.0,321,1344,25.8,2.0,50.0,4.8,3.4,,,,,,,,,,,,,,,,,,,,,,,,,,,,0,,,,,,,,,,,,,,,,,,,,,,,,,,,,,,,,0,,,,,,,,,,,,,,,,,,,
59,3010,Đậu xanh (đậu tắt),"Mungo bean seeds, dried",2.0,14.0,328,1371,23.4,2.4,53.1,4.7,2.4,,,,,,,,64,4.80,270,,377,1132,6,1.10,880,,4,0.72,0.15,2.4,1.91,0.382,625,0,0.7,0,0,,0.51,9,30,,,,,,0.19,0.01,0.18,,0.350,0.250,0.000,0.070,0.000,0.000,0.000,0.160,0.000,0.000,0.160,0,0.360,0.030,0.000,0.000,0.000,,0,23,2145,458,432,1259,736,989,1607,941,1470,663,113,556,809,2449,3122,758,802,908
60,3011,Hạt dẻ to,"Chestnut, Chinese whole, raw",30.0,9.0,638,2669,18.0,59.0,8.7,3.5,1.8,,,,,,,,61,2.30,,,510,,,,,,3,0.48,0.13,1.2,,,,,,,0,,,,10,,,,,,,,,,,,,,,,,,,,,,,,,,,,0,,,,,,,,,,,,,,,,,,,
61,3012,Hạt dẻ tươi,"Chestnut, Chinese whole, raw",18.0,44.0,223,933,4.2,1.1,49.1,,1.7,,,,,,,,18,1.41,84,1.600,96,447,3,0.87,363,,36,0.16,0.18,0.8,0.555,0.41,68,0,1.3,0,0,,,,,,,,,,,,,,0.160,0.150,0.000,0.010,0.000,0.000,0.000,0.580,0.000,0.010,0.560,0,0.260,0.030,0.000,0.000,0.000,,0,,228,101,49,190,167,220,259,157,430,121,110,125,200,852,537,184,162,184
62,3013,Hạt dẻ khô,"Chestnut, dried",20.0,8.9,363,1517,6.8,1.8,79.8,,2.7,,,,,,,,29,2.29,137,2.600,155,726,5,1.41,590,,59,0.26,0.29,1.3,0.902,0.666,110,0,,0,0,,,,,,,,,,,,,,0.270,0.250,0.000,0.020,0.000,0.000,0.000,0.950,0.000,0.010,0.910,0,0.420,0.050,0.000,0.000,0.000,,0,,371,0,80,309,272,358,421,255,699,197,179,203,324,1385,873,299,263,299
63,3014,Hạt đen,Black seed,50.0,12.0,472,1976,17.3,29.0,35.5,3.5,2.7,,,,,,,,84,,,,255,,,,,,,,,,,,,,,,0,,,,,,,,,,,,,,,,,,,,,,,,,,,,,,,,0,,,,,,,,,,,,,,,,,,,
64,3015,Hạt điều,"Cashew nut, common",0.0,3.4,605,2532,18.4,46.3,28.7,0.6,2.6,5.91,0,0,0,0.05,0.05,5.81,28,3.60,292,1.660,462,660,12,5.78,2195,19.9,1,0.25,0.34,2.4,0.864,0.417,25,0,,0,0,,0.9,34.1,5,,,,,,,,,,7.780,3.920,0.050,3.220,0.270,0.170,0.100,23.800,0.000,0.140,23.520,7,7.780,0.060,0.000,0.000,0.000,,0,,928,362,287,951,688,1094,1472,789,2123,456,393,508,837,1795,4506,937,812,1079
65,3016,Hạt mít,"Jack fruit, seed, raw",15.0,58.2,166,694,0.7,1.1,38.3,,1.7,,,,,,,,46,3.40,,,34,,,,,,,,,,,,,,,,0,,,,0,0,0,0,0,,,,,,,,,,,,,,,,,,,,,,,,0,,,,,,,,,,,,,,,,,,,
66,3017,Lạc hạt,Dried peanut seed,2.0,7.5,573,2395,27.5,44.5,15.5,2.5,2.5,,,,,,,,68,2.20,185,1.600,420,421,4,1.90,420,,,0.44,0.12,16.0,1.767,0.348,240,0,,0,0,,8.33,0,10,,,,,74,0.26,0.03,0.24,,6.830,5.150,0.000,1.100,0.000,0.000,0.000,24.430,0.000,0.010,23.760,15,15.560,0.000,0.000,0.000,0.000,,0,220,990,360,300,1680,770,1290,1760,880,2720,580,249,669,669,2952,5070,1287,1236,1557
67,3018,Quả cọ tươi,Palm fruit fresh,40.0,67.1,178,746,2.3,13.4,12.1,3.5,1.6,,,,,,,,38,0.20,,,34,,,,,,,,,,,,,,,,0,,,,,,,,,,,,,,,,,,,,,,,,,,,,,,,,0,,,,,,,,,,,,,,,,,,,
68,3019,Quả đại hái tươi,Hodgsonia fruit,90.0,35.0,427,1786,20.0,38.0,1.2,3.4,2.4,,,,,,,,66,3.10,,,440,,,,,,,,,,,,,,,,0,,,,,,,,,,,,,,,,,,,,,,,,,,,,,,,,0,,,,,,,,,,,,,,,,,,,
69,3020,"Vừng (đen, trắng)","Sesame oriental seeds, whole, dried black or white",5.0,7.6,568,2378,20.1,46.4,17.6,3.5,4.8,0.3,,,,,,,975,14.55,351,2.460,629,468,11,7.75,4082,5.7,0,0.79,0.25,4.5,0.05,0.79,97,0,,0,0,,0.25,0,15,,,,,62,,,,,6.960,4.440,0.000,2.090,0.000,0.000,0.000,18.760,0.000,0.150,18.520,21,21.380,0.380,0.000,0.000,0.000,,0,714,680,600,360,1410,680,1000,1410,840,1850,300,202,712,1082,1134,4154,1245,1245,982
70,3021,Bột đậu tương đã loại béo (đậu nành),"Soybeans flour, defatted",0.0,14.0,321,1343,49.0,1.0,29.0,2.5,4.5,,,,,,,,247,7.60,290,3.020,602,2384,20,2.46,4067,1.7,0,0.70,0.30,2.0,1.995,0.574,305,0,,0,0,,0.2,4.1,35,,,,,,131.19,57.47,71.21,7.55,0.140,0.100,0.000,0.030,0.000,0.000,0.000,0.210,0.000,0.000,0.210,0,0.470,0.060,0.000,0.000,0.000,,0,,3129,634,683,2453,2042,2346,3828,2281,3647,1268,757,1778,2215,5911,9106,2174,2750,2725
71,3022,Bột đậu tương rang chín,Roasted soybeans flour,0.0,10.0,418,1747,41.0,18.0,22.9,2.5,5.6,,,,,,,,189,7.50,,,540,,,,,,,0.40,0.16,2.0,,,,,,,0,,,,,,,,,,198.95,99.27,98.75,16.4,3.160,2.320,0.000,0.780,0.000,0.000,0.000,4.290,0.000,0.060,4.770,12,10.880,1.460,0.000,0.000,0.000,,0,,2316,469,506,1816,1511,1737,2834,1688,2700,938,561,1316,1639,4375,6740,1609,2035,2017
72,3023,Bột đậu xanh,Mungo bean flour,0.0,10.0,347,1451,24.6,2.5,56.5,3.9,2.5,,,,,,,,50,1.00,283,,100,1185,6,1.15,921,,4,0.75,0.16,2.5,1.999,0.400,654,0,0.73,0,0,,0.53,9.4,,,,,,,0.20,0.01,0.19,,0.360,0.260,0.000,0.070,0.000,0.000,0.000,0.170,0.000,0.000,0.170,0,0.370,0.030,0.000,0.000,0.000,,0,,2255,481,454,1324,774,1040,1689,989,1545,697,119,585,850,2575,3282,797,843,955
73,3024,Bột lạc,Peanut flour,0.0,8.0,575,2406,27.5,45.0,15.0,2.1,2.4,,,,,,,,80,3.00,182,1.570,380,414,4,1.87,413,,,0.40,0.11,15.3,1.739,0.342,236,0,,0,0,,8.20,0,10,,,,,73,0.26,0.03,0.24,,6.250,4.710,0.000,1.010,0.000,0.000,0.000,22.330,0.000,0.010,21.710,14,14.220,0.000,0.000,0.000,0.000,,0,,1055,384,320,1791,821,1375,1876,938,2899,618,265,713,713,3147,5404,1372,1317,1660
74,3025,Đậu phụ,"Soybean curt cake pressed, raw",0.0,82.0,95,397,10.9,5.4,0.7,0.4,0.6,,,,,,,,24,2.20,30,0.610,85,121,7,0.80,193,8.9,0,0.03,0.02,0.4,0.068,0.047,15,0,,0,0,,,,,,,,,68,23.61,9.02,13.60,1.98,0.690,0.510,0.000,0.170,0.000,0.000,0.000,1.060,0.000,0.010,1.040,2,2.380,0.320,0.000,0.000,0.000,,0,,460,108,133,443,235,364,618,360,472,264,108,233,261,845,1536,293,410,367
75,3026,Đậu phụ chúc,Curd tofu concentrated,0.0,18.5,414,1732,50.2,20.8,6.5,0.3,3.7,,,,,,,,325,10.80,,,225,,,,,,,,,,,,,,,,0,,,,,,,,,,,,,,,,,,,,,,,,,,,,,,,,0,,,,,,,,,,,,,,,,,,,
76,3027,Đậu phụ nướng,"Curd tofu, fried",0.0,78.2,114,479,13.4,6.4,0.8,0.5,0.7,,,,,,,,370,4.70,,,167,,,,,,,0.04,0.05,0.1,,,,,,,0,,,,,,,,,,,,,,,,,,,,,,,,,,,,,,,,0,,,,,,,,,,,,,,,,,,,
77,3028,Hạt bí đỏ rang,"Pumpkin seeds, fried",19.0,3.6,519,2170,35.1,31.8,23.0,2.3,4.2,,,,,,,,235,2.20,,,900,,,,,,,0.15,0.15,3.0,,,,,,,0,,,,235,,,,,,,,,,,,,,,,,,,,,,,,,,,,0,,1524,587,554,1319,1319,1834,2632,1801,4920,798,349,1042,1629,3080,5889,1939,2150,1352
78,3029,Hạt dưa đỏ rang (dưa hấu),"Water melon seeds whole, fried",22.0,4.8,551,2306,31.8,39.1,18.0,1.8,4.5,,,,,,,,237,3.00,,,751,,,,,,,0.03,0.14,2.7,,,,,,,0,,,,90,,,,,,,,,,8.000,3.800,0.000,4.200,0.000,0.000,0.000,29.000,0.000,0.000,5.800,,23.300,0.000,0.000,0.000,0.000,,0,,937,398,428,1096,1203,1447,2007,1447,4468,749,295,805,1447,2247,5324,1498,1391,1096
79,3030,"Hạt điều khô, chiên dầu","Cashew, common, roasted with oil",0.0,12.7,583,2437,18.3,49.3,16.4,0.7,2.6,,,,,,,,32,3.90,,,411,,,,,,,0.36,0.34,1.4,,,,,,,0,,,,5,,,,,,,,,,5.500,5.500,0.000,,0.000,0.000,0.000,41.100,0.000,0.000,32.100,,8.600,0.000,0.000,0.000,0.000,,0,,1062,194,347,888,868,1280,1388,868,1607,455,239,434,781,1801,3796,1020,1062,1214
80,3031,Sữa bột đậu nành,"Milk flour, made from roasted soybeans",0.0,3.5,405,1692,31.1,9.7,48.2,2.2,5.3,,,,,,,,224,7.50,,,320,,,,,,,0.40,0.16,2.0,,,,,,,0,,,,,,,,,,,,,,,,,,,,,,,,,,,,,,,,0,,,,,,,,,,,,,,,,,,,
81,3032,Sữa đậu nành (100g đậu/lít),Soybean milk (100 g soybean/l),0.0,94.4,28,119,3.1,1.6,0.4,0.1,0.4,,,,,,,,18,1.20,25,0.220,36,124,55,0.44,141,4.8,0,0.05,0.02,0.3,0.518,0.096,16,0,,0,0,0.40,1.35,3,,,,,,,9.65,4.45,6.06,0.56,0.230,0.170,0.000,0.060,0.000,0.000,0.000,0.380,0.000,0.000,0.360,0,0.680,0.090,0.000,0.000,0.000,,0,,162,42,42,162,152,176,230,162,196,69,23,108,137,348,539,152,230,172
82,3033,Tào phớ,"Tofu in light syrup (Tofu 160g, sirup 65ml)",0.0,90.0,37,153,2.3,0.2,6.4,0.2,0.9,,,,,,,,92,0.30,,,150,,,,,,,,,,,,,,,,0,,,,,,,,,,,,,,,,,,,,,,,,,,,,,,,,0,,,,,,,,,,,,,,,,,,,
83,4001,Bầu,"Calabash, Bottle gourd",35.3,95.1,14,59,0.6,0.02,2.9,1.0,0.4,,,,,,,,21,0.20,11,0.070,25,150,2,0.70,26,0.2,12,0.02,0.03,0.4,0.152,0.04,6,0,,0,0,,,,10,,,,,,,,,,0.000,0.000,0.000,0.000,0.000,0.000,0.000,0.000,0.000,0.000,0.000,0,0.010,0.000,0.000,0.000,0.000,,0,,,,,,,,,,,,,,,,,,,
84,4002,Bí đao (bí xanh),"Asgourd Waxgoured, Winter melon",25.0,95.5,12,50,0.6,,2.4,1.0,0.5,,,,,,,,26,0.30,8,,23,150,13,,,,16,0.01,0.02,0.3,,,,,,,0,,,,5,,,,,,,,,,,,,,,,,,,,,,,,,,,,0,,,,,,,,,,,,,,,,,,,
85,4003,Bí ngô,Pumpkin squash,18.3,92.0,27,111,0.3,0.1,6.1,0.7,0.8,,,,,,,,24,0.50,10,16.000,16,349,8,0.10,210,0.3,8,0.06,0.03,0.4,0.298,0.061,16,0,0.4,0,0,0.00,1.06,1.1,3100,515,2145,0,1500,,,,,,0.050,0.040,0.000,0.000,0.000,0.000,0.000,0.010,0.000,0.010,0.010,0,0.000,0.000,0.000,0.000,0.000,,0,12,63,12,18,34,31,48,69,47,46,20,10,18,47,151,233,31,29,37
86,4004,Cà bát,"Egg plant big, Brinja aubergine",5.0,92.5,23,94,1.2,0.2,4.0,1.5,0.6,,,,,,,,12,0.70,14,0.250,16,230,2,0.16,82,0.3,3,0.03,0.04,0.5,0.281,0.084,22,0,,0,0,,0.3,3.5,40,,,,,,,,,,0.030,0.030,0.000,0.010,0.000,0.000,0.000,0.020,0.000,0.000,0.010,0,0.060,0.010,0.000,0.000,0.000,,0,7,43,13,15,36,23,41,58,36,81,18,9,47,32,115,198,31,29,49
87,4005,Cà chua,Tomato,5.0,94.0,20,85,0.6,0.2,4.0,0.8,0.4,2.63,0,0,0,1.37,1.25,0,12,1.40,15,0.210,26,275,12,0.74,90,0.5,40,0.06,0.04,0.5,0.089,0.08,15,0,,0,0,0.00,0.54,7.9,393,112,0,3025,130,11,,,,,0.050,0.020,0.000,0.010,0.000,0.000,0.000,0.050,0.000,0.000,0.030,0,0.080,0.000,0.000,0.000,0.000,,0,7,25,5,7,16,20,19,24,16,19,13,5,12,22,104,269,16,14,22
88,4006,Cà pháo,Egg plant - small,10.0,92.5,20,85,1.5,,3.6,1.6,0.8,,,,,,,,12,0.70,18,0.200,16,221,7,0.30,90,6.7,3,0.03,0.04,0.5,,,,,,,0,,,,20,,,,,,,,,,,,,,,,,,,,,,,,,,,,0,,43,13,15,36,23,41,58,36,81,18,9,47,32,115,198,31,29,49
89,4007,"Cà rốt (củ đỏ, vàng)",Carrots,10.5,88.5,39,164,1.5,0.2,7.8,1.2,0.8,4.54,0,0,0,0.55,0.59,3.59,43,0.80,12,0.230,39,266,52,1.11,150,0.1,8,0.06,0.06,0.4,0.273,0.138,19,0,3.4,0,0,,,,8285,3477,125,1,256,17,,,,,0.040,0.040,0.000,0.000,0.000,0.000,0.000,0.010,0.000,0.000,0.010,0,0.120,0.000,0.000,0.000,0.000,,0,,39,12,7,27,29,44,44,30,44,14,10,22,48,117,194,29,28,32
90,4008,Cà rốt khô,Dried carrot,0.0,14.0,292,1221,9.2,1.5,60.4,9.6,5.3,,,,,,,,323,5.90,,,292,,,,,,,,,,,,,,,,0,,,,810,,,,,,,,,,,,,,,,,,,,,,,,,,,,0,,,,,,,,,,,,,,,,,,,
91,4009,Cà tím,Aubergine,5.0,92.5,22,92,1.0,,4.5,1.5,0.5,,,,,,,,15,0.40,,,34,,,,,,15,0.04,0.05,0.6,,,,,,,0,,,,10,,,,,21,,,,,,,,,,,,,,,,,,,,,,,0,,,,,,,,,,,,,,,,,,,
92,4010,Cải bắp,"Cabbage, common",10.0,90.0,29,123,1.8,0.1,5.3,1.6,1.2,3.58,0,0.02,0,1.65,1.79,0.12,48,1.10,13,0.450,31,190,28,0.81,180,2.2,30,0.06,0.05,0.4,0.14,0.096,43,0,1.2,0,0,,0.15,60,65,0,0,0,310,22,,,,,0.020,0.010,0.000,0.000,0.000,0.000,0.000,0.010,0.000,0.000,0.010,0,0.030,0.030,0.000,0.000,0.000,,0,11,53,18,18,51,64,72,90,52,141,43,19,31,86,111,148,81,62,70
93,4011,Cải bắp đỏ,"Cabbage, red",22.0,84.0,45,190,1.9,0.2,9.0,4.0,0.9,3.91,0,0,0,1.53,1.8,0.58,83,0.50,16,0.240,42,243,27,0.22,17,0.6,60,0.07,0.05,0.8,0.147,0.209,18,0,0.1,0,0,0.00,0.11,38.2,670,0,0,20,329,32,,,,,0.030,0.030,0.000,0.000,0.000,0.000,0.000,0.020,0.000,0.000,0.020,0,0.050,0.070,0.000,0.000,0.000,,0,,59,20,20,57,71,80,101,59,158,48,21,35,96,124,165,90,69,78
94,4012,Cải bắp khô,"Dried cabbage, white",0.0,16.0,245,1026,18.0,1.6,39.7,14.0,10.7,,,,,,,,300,7.50,,,106,,,,,,2,0.15,0.52,0.5,,,,,,,0,0.00,,,,,,,,,,,,,,,,,,,,,,,,,,,,,,,0,,,,,,,,,,,,,,,,,,,
95,4013,Cải cúc,Chrysanthemum. crown-daisy,25.0,93.8,14,59,1.6,,1.9,2.0,0.7,,,,,,,,63,0.80,32,0.700,38,219,33,0.67,180,0.3,27,0.01,0.03,0.2,0.221,0.176,177,0,,0,0,,,,1115,,,,,,,,,,,,,,,,,,,,,,,,,,,,0,,,,,,,,,,,,,,,,,,,
96,4014,Cải soong,Watercress,30.0,93.7,15,61,2.1,0.1,1.3,2.0,0.8,0.2,,,,,,,69,1.60,21,0.380,28,211,85,0.80,200,0.9,25,0.08,0.26,1.0,0.31,0.129,9,0,,0,0,0.00,1,250,2820,0,0,0,5767,28,,,,,0.030,0.020,0.000,0.000,0.000,0.000,0.000,0.010,0.000,0.000,0.010,0,0.010,0.020,0.000,0.000,0.000,,0,,134,20,30,114,133,137,166,93,150,40,7,63,137,187,190,112,96,60
97,4015,Cải thịa (cải trắng),"Chinese cabbage, white",25.0,93.2,17,71,1.4,0.2,2.4,1.8,1.0,1.18,,,,,,,50,0.70,25,0.500,30,200,25,0.75,90,0.5,26,0.09,0.07,0.4,0.088,0.194,66,0,,0,0,,0.09,35.8,2681,1,0,0,40,,,,,,0.030,0.020,0.000,0.000,0.000,0.000,0.000,0.020,0.000,0.000,0.010,0,0.040,0.050,0.000,0.000,0.000,,0,,89,9,15,44,49,66,88,85,84,26,17,29,86,108,360,43,31,48
98,4016,Cải xanh,"Mustard greens, India, leaves and stems",24.0,93.8,16,68,1.7,0.2,1.9,1.8,0.6,1.6,,,,,,,89,1.90,23,0.320,14,221,29,0.90,120,0.9,51,0.07,0.10,0.8,0.21,0.18,187,0,,0,0,,2.01,497.3,6300,0,0,0,9900,,,,,,0.010,0.010,0.000,0.000,0.000,0.000,0.000,0.090,0.000,0.000,0.020,0,0.020,0.020,0.000,0.000,0.000,,0,,123,25,30,72,72,105,83,98,197,48,40,143,,,,,,
99,4017,Cần ta,Water drop-wort; Celery water,20.0,95.3,10,42,1.0,,1.5,1.5,0.7,,,,,,,,310,3.00,,,64,,,,,,6,0.04,0.03,0.3,,,,,,,0,,,,2045,,,,,,,,,,,,,,,,,,,,,,,,,,,,0,,,,,,,,,,,,,,,,,,,
100,4018,Cần tây,"Celery, Chinese",16.0,85.0,48,201,3.7,0.2,7.9,1.5,1.7,1.83,0.66,0,0,0.51,0.55,0.11,325,8.00,18,0.200,128,326,96,0.30,90,0.4,150,0.06,0.07,0.4,0.246,0.074,36,0,,0,0,,0.27,29.3,150,0,0,0,232,,,,,,0.040,0.040,0.000,0.000,0.000,0.000,0.000,0.030,0.000,0.000,0.030,0,0.080,0.000,0.000,0.000,0.000,,0,6,27,5,9,20,20,27,32,21,20,12,4,9,23,117,90,21,18,20
101,4019,Chuối xanh,"Banana common varieties, unripe",32.0,80.2,74,311,1.2,0.5,16.4,1.0,0.8,1.95,,,,,,,26,0.40,17,0.100,27,256,13,0.25,94,0.3,31,0.05,0.02,0.6,0.265,0.357,29,0,,0,0,,0.69,9.5,184,39,0,0,0,,,,,,0.050,0.040,0.000,0.010,0.000,0.000,0.000,0.030,0.000,0.000,0.030,0,0.240,0.000,0.000,0.000,0.000,,0,3,,,,,,,,,,,,,,,,,,
102,4020,Củ cải đỏ,"Red radish oriental, raw",20.0,86.0,48,203,1.3,,10.8,0.9,1.0,,,,,,,,28,1.40,,,43,,,,,,20,0.02,0.05,0.4,,,,,,,0,,,,16,,,,,,,,,,,,,,,,,,,,,,,,,,,,0,,27,7,3,27,23,37,35,26,51,13,7,12,23,48,160,18,17,17
103,4021,Củ cải trắng,"Radish garden while, raw",13.2,92.1,21,89,1.5,0.1,3.6,1.5,1.2,2.5,,,,,,,40,1.10,15,0.050,41,242,10,0.20,150,3.9,30,0.06,0.06,0.5,0.138,0.046,28,0,,0,0,,0,0.3,0,0,0,0,0,,,,,,0.030,0.030,0.000,0.000,0.000,0.000,0.000,0.020,0.000,0.000,0.020,0,0.020,0.030,0.000,0.000,0.000,,0,,27,7,3,27,23,37,35,26,51,13,7,12,23,48,160,18,17,17
104,4022,Củ cải trắng khô,"Dried radish, white",0.0,16.0,220,918,17.6,1.5,33.9,17.7,13.3,,,,,,,,629,6.73,170,0.540,204,3494,278,2.13,1631,0.7,0,0.27,0.68,3.4,1.854,0.618,295,0,,0,0,,,,0,0,0,0,0,,,,,,0.220,0.190,0.000,0.030,0.000,0.000,0.000,0.120,0.000,0.000,0.120,0,0.120,0.210,0.000,0.000,0.000,,0,,393,75,43,262,326,365,413,344,456,149,,150,248,538,1492,248,202,240
105,4023,Củ đậu,Pachyrrhizus,15.0,92.0,28,117,1.0,,6.0,0.7,0.3,,,,,,,,8,,,,16,,,,,,6,,,,,,,,,,0,0.00,,,0,0,0,0,0,,,,,,,,,,,,,,,,,,,,,,,,0,,,,,,,,,,,,,,,,,,,
106,4024,Củ niễng,"Manchurian water-rice, Manchurian Wild rice",13.0,90.2,30,124,2.0,,5.4,1.8,0.6,,,,,,,,24,1.40,,,92,,,,,,2,,,,,,,,,,0,,,,0,0,0,0,0,,,,,,,,,,,,,,,,,,,,,,,,0,,,,,,,,,,,,,,,,,,,
107,4025,Dọc củ cải (non),"Horse radish; dish - tree, drumstick leave",4.0,93.6,14,59,1.9,,1.6,1.8,1.1,,,,,,,,220,0.40,,,57,,,,,,72,0.06,0.11,0.7,,,,,,,0,,,,1090,,,,,,,,,,,,,,,,,,,,,,,,,,,,0,,,,,,,,,,,,,,,,,,,
108,4026,Dọc mùng,Colocasia indica,20.0,96.0,5,20,0.4,,0.8,2.0,0.8,,,,,,,,,,,,,,,,,,,,,,,,,,,,0,0.00,,,,,,,,,,,,,,,,,,,,,,,,,,,,,,,0,,,,,,,,,,,,,,,,,,,
109,4027,Dưa chuột,Cucumber,5.0,95.0,16,66,0.8,0.1,2.9,0.7,0.5,1.67,0,0.01,0,0.87,0.76,0.03,23,1.00,15,0.250,27,169,13,0.18,90,0.3,5,0.03,0.04,0.1,0.259,0.04,7,0,0.4,0,0,0.00,0.03,16.4,138,0,0,0,0,7,,,,,0.030,0.010,0.000,0.000,0.000,0.000,0.000,0.000,0.000,0.000,0.000,0,0.010,0.000,0.000,0.000,0.000,,0,14,23,5,4,15,18,24,26,18,39,9,6,18,23,46,123,25,15,24
110,4028,Dưa gang,Large cucumber,5.0,96.2,11,47,0.8,,2.0,0.7,0.3,,,,,,,,25,0.40,,,37,,,,,,4,0.04,0.04,0.3,,,,,,,0,,,,130,,,,,,,,,,,,,,,,,,,,,,,,,,,,0,,,,,,,,,,,,,,,,,,,
111,4029,Đậu cô ve,"Beans, kidney, in pod, French bean; Navy been",10.0,80.0,73,306,5.0,,13.3,1.0,0.7,,,,,,,,26,0.70,26,0.500,122,254,96,0.01,90,,25,0.34,0.19,2.6,,,,,,,0,,,,180,,,,,37,,,,,,,,,,,,,,,,,,,,,,,0,,132,31,33,102,93,118,166,90,102,56,20,80,106,288,257,91,91,128
112,4030,Đậu đũa,"Cow-peas, yard long, Chinese long bean",10.0,83.0,59,248,6.0,0.4,7.9,2.0,0.7,,,,,,,,47,1.60,36,0.210,16,194,5,0.37,48,1.5,22,0.29,0.18,1.8,0.055,0.024,62,0,,0,0,,,,250,,,,,,,,,,0.110,0.080,0.000,0.010,0.000,0.000,0.000,0.040,0.000,0.000,0.020,0,0.100,0.070,0.000,0.000,0.000,,0,,184,40,32,154,104,162,200,150,196,90,42,115,,,,,,
113,4031,Đậu Hà Lan,Green peas; field pea; Peas garden,10.0,81.0,72,301,6.5,0.4,10.6,1.0,0.5,5.67,0,0.17,0,0.39,0.12,4.99,57,0.80,33,0.410,43,244,5,1.24,176,1.8,27,0.40,0.15,2.2,0.104,0.169,65,0,3,0,0,,0.13,24.8,485,19,,,,,,,,,0.070,0.060,0.000,0.010,0.000,0.000,0.000,0.040,0.000,0.000,0.040,0,0.150,0.040,0.000,0.000,0.000,,0,,489,62,68,295,252,317,466,279,587,143,64,208,301,665,976,264,257,301
114,4032,Đậu rồng (quả non),"Winged bean goabean, Indies, asparagus pea",5.0,89.5,34,141,1.9,0.1,6.3,1.6,0.6,,,,,,,,63,1.30,,,60,,,,,,22,0.06,0.12,0.5,,,,,,,0,,,,270,,,,,,,,,,,,,,,,,,,,,,,,,,,,0,,,,,,,,,,,,,,,,,,,
115,4033,Đu đủ xanh,"Papaya, unripe, raw",25.0,92.1,22,90,0.8,,4.6,2.0,0.5,,,,,,,,63,0.90,56,,50,215,7,,101,,40,0.02,0.03,0.3,,,,,,,0,,,,15,,,,,,,,,,,,,,,,,,,,,,,,,,,,0,,,,,,,,,,,,,,,,,,,
116,4034,Gấc,"Gac fruit, whole",80.0,77.0,122,508,2.1,7.9,10.5,1.8,0.7,,,,,,,,56,1.20,,,6,,,,,,11,,,,,,,,,,0,,,,21756,2718,0,49667,0,,,,,,2.050,1.580,0.000,0.420,0.030,0.000,0.000,1.760,0.000,0.020,1.750,1,1.520,0.030,0.000,0.000,0.000,,0,,,,,,,,,,,,,,,,,,,
117,4035,Giá đậu tương,Sprout of soybeans,0.0,80.8,79,331,7.7,1.8,8.0,0.7,1.0,,,,,,,,52,1.10,72,0.700,58,484,14,1.17,427,0.6,10,0.19,0.15,0.8,0.929,0.176,172,0,,0,0,,,,25,,,,,80,40.71,19.12,21.6,,0.930,0.670,0.000,0.250,0.000,0.000,0.000,1.520,0.000,0.010,1.490,3,3.340,0.450,0.000,0.000,0.000,,0,,392,116,79,391,317,423,670,452,460,164,79,276,377,1452,925,356,323,453
118,4036,Giá đậu xanh,"Mungobean sprouts, Green gram, Tiensin green bean",5.0,86.5,44,185,5.5,0.2,5.1,2.0,0.7,4.13,,,,,,,38,1.40,17,0.190,91,164,23,0.41,164,0.6,10,0.20,0.13,0.8,0.38,0.088,61,0,,0,0,,0.1,33,6,6,6,0,0,,,,,,0.050,0.030,0.000,0.010,0.000,0.000,0.000,0.020,0.000,0.000,0.020,0,0.040,0.020,0.000,0.000,0.000,,0,15,274,87,60,271,225,324,463,316,366,132,43,192,259,1062,656,211,272,273
119,4037,Hành củ tươi,"Onion, Welsh",24.0,92.5,26,110,1.3,0.4,4.4,0.7,0.7,,,,,,,,32,1.10,23,0.140,49,212,17,0.52,70,0.6,10,0.03,0.04,0.2,0.169,0.072,16,0,,0,0,,,,15,,,,,,,,,,0.070,0.060,0.000,0.010,0.000,0.000,0.000,0.060,0.000,,0.060,0,0.150,0.010,0.000,0.000,0.000,,0,,95,21,21,61,74,84,113,81,137,33,,55,86,176,393,94,126,86
120,4038,Hành lá (hành hoa),"Onion, Welsh",20.0,92.5,22,94,1.3,,4.3,0.9,1.0,,,,,,,,80,1.00,23,0.260,41,123,16,0.44,180,,60,0.03,0.10,1.0,,,,,,,0,0.00,,,1370,,,,,,,,,,,,,,,,,,,,,,,,,,,,0,,,,,,,,,,,,,,,,,,,
121,4039,Hành tây,"Onion, common, garden",17.0,88.0,41,171,1.8,0.1,8.2,1.1,0.8,4.28,0,0,0.01,1.16,1.95,1.16,38,0.80,23,0.200,58,221,8,1.43,70,1.5,10,0.03,0.04,0.2,0.122,0.147,19,0,0.9,0,0,0.00,0.02,0.4,1,0,0,0,0,13,,,,,0.030,0.020,0.000,0.000,0.000,0.000,0.000,0.020,0.000,0.000,0.010,0,0.060,0.000,0.000,0.000,0.000,,0,15,60,16,20,41,22,25,44,23,160,14,19,30,58,70,220,41,30,27
122,4040,Hạt sen tươi,"Lotus seed, raw",39.0,57.9,161,672,9.5,0.5,29.5,0.8,1.8,,,,,,,,76,1.40,56,0.620,164,367,1,0.28,94,,17,0.17,0.09,1.7,0.228,0.168,28,0,,0,0,,,,10,,,,,,,,,,0.090,0.080,0.000,0.000,0.000,0.000,0.000,0.100,0.000,0.000,0.060,0,0.290,0.030,0.000,0.000,0.000,,0,,264,72,59,206,200,266,326,205,338,115,54,100,239,505,957,221,344,252
123,4041,Hạt sen khô,Dried lotus seed,0.0,14.0,334,1396,20.0,2.4,58.0,2.2,3.4,,,,,,,,89,6.40,210,2.320,285,1368,5,1.05,350,,0,0.64,0.15,1.6,0.851,0.629,104,0,,0,0,,,,30,,,,,,,,,,0.330,0.290,0.000,0.000,0.000,0.000,0.000,0.390,0.000,0.000,0.230,1,1.060,0.100,0.000,0.000,0.000,,0,,985,267,221,767,747,991,1215,765,1262,430,201,375,892,1884,3570,826,1285,939
124,4042,Hế lá,"Onion, fragrant, Chinese leek",13.0,94.5,18,73,2.2,0.3,1.5,0.9,0.6,3.9,,,,,,,56,1.30,18,0.300,45,234,6,0.20,100,1,19,0.03,0.09,0.9,0.14,0.233,64,0,1.4,0,0,0.00,0.92,47,1000,0,0,0,1900,,,,,,0.040,0.040,0.000,0.000,0.000,0.000,0.000,0.000,0.000,0.000,0.000,0,0.070,0.100,0.000,0.000,0.000,,0,,78,18,12,55,63,56,96,52,78,25,25,41,74,140,226,69,66,92
125,4043,Hoa chuối,"Banana, buds and flowers",29.0,92.0,20,84,1.5,,3.5,2.0,1.0,,,,,,,,44,0.90,,,32,,,,,,5,1.04,0.03,0.4,,,,,,,0,,,,170,,,,,,,,,,,,,,,,,,,,,,,,,,,,0,,,,,,,,,,,,,,,,,,,
126,4044,Hoa lý,"Daylily, lemon flowers, Pergularia, raw",3.0,90.5,23,95,2.9,,2.8,3.0,0.8,,,,,,,,52,1.20,,,53,,,,,,48,0.19,0.13,1.1,,,,,,,0,,,,585,,,,,,,,,,,,,,,,,,,,,,,,,,,,0,,,,,,,,,,,,,,,,,,,
127,4045,Khế,Carambola; Star fruit,13.0,93.5,16,69,0.6,0.3,2.8,2.6,0.2,3.98,,,,,,,10,0.90,10,0.040,8,133,2,0.12,137,0.6,30,0.05,0.04,0.4,0.391,0.017,12,0,,0,0,0.00,0.15,0,25,24,0,0,64,,,,,,0.020,0.010,0.000,0.010,0.000,0.000,0.000,0.030,0.000,0.000,0.030,0,0.160,0.030,0.000,0.000,0.000,,0,,77,21,8,37,44,50,77,44,21,8,,44,71,98,148,50,50,83
128,4046,Lá lốt,Lolot,0.0,86.5,39,162,4.3,,5.4,2.5,1.3,,,,,,,,260,4.10,98,,980,598,15,,,,34,0.00,0.00,0.0,,,,,,,0,,,,4050,,,,,,,,,,,,,,,,,,,,,,,,,,,,0,,,,,,,,,,,,,,,,,,,
129,4047,Lá me,"Tamarind, leaves",0.0,86.0,46,192,7.5,,4.0,,2.5,,,,,,,,319,,,,,,,,,,,,,,,,,,,,0,,,,,,,,,,,,,,,,,,,,,,,,,,,,,,,,0,,,,,,,,,,,,,,,,,,,
130,4048,Lá mơ lông,Wild plant,0.0,86.1,27,114,3.9,,2.9,5.1,2.0,,,,,,,,211,,,,3,,,,,,75,,,,,,,,,,0,,,,330,,,,,,,,,,,,,,,,,,,,,,,,,,,,0,,,,,,,,,,,,,,,,,,,
131,4049,Lá sắn tươi,Cassava leaves,0.0,74.8,78,328,7.0,,12.6,4.3,1.3,,,,,,,,200,1.90,,,27,,,,,,295,0.25,0.66,2.4,,,,,,,0,,,,8280,,,,,,,,,,,,,,,,,,,,,,,,,,,,0,,340,140,110,420,300,460,710,390,350,150,76,227,,,,,,
132,4050,Măng chua,"Bamboo shoot, unspecified",24.0,92.8,11,47,1.4,,1.4,4.1,0.3,,,,,,,,18,0.90,88,,29,486,9,1.10,190,,9,0.11,0.09,0.6,,,,,,,0,,,,15,,,,,,,,,,,,,,,,,,,,,,,,,,,,0,,,,,,,,,,,,,,,,,,,
133,4051,Măng khô,Dried bamboo shoots,0.0,23.0,157,656,13.0,2.1,21.5,36.0,4.4,,,,,,,,100,5.00,,,200,,,,,,1,0.11,0.14,1.3,,,,,,,0,,,,20,,,,,,,,,,,,,,,,,,,,,,,,,,,,0,,,,,,,,,,,,,,,,,,,
134,4052,Măng tây,"Asparagus, white",50.0,93.7,14,59,2.2,0.1,1.1,2.3,0.6,1.88,,,,,,,21,0.90,14,0.160,6,202,2,0.54,189,2.3,10,0.16,0.03,3.0,0.274,0.091,52,0,0.2,0,0,,1.13,41.6,449,9,0,0,710,23,,,,,0.050,0.040,0.000,0.000,0.000,0.000,0.000,0.010,0.000,0.000,0.000,0,0.040,0.010,0.000,0.000,0.000,,0,24,108,22,22,54,64,88,99,84,107,35,27,36,107,265,374,74,121,87
135,4053,Măng tre,"Bamboo shoots, spring variety",50.0,92.0,15,63,1.7,0.3,1.4,4.1,0.5,3,,,,,,,22,1.00,3,0.260,58,533,4,1.10,190,0.8,1,0.08,0.08,0.6,0.161,0.24,7,0,,0,0,,1,0,12,,,,,29,,,,,0.070,0.050,0.000,0.010,0.000,0.000,0.000,0.010,0.000,0.000,0.010,0,0.110,0.020,0.000,0.000,0.000,,0,19,134,30,27,90,86,106,140,88,97,42,22,,124,425,248,87,219,127
136,4054,Mướp,"Gourd, sponge gourd",18.8,95.1,17,69,0.9,0.2,2.8,0.5,0.5,,,,,,,,28,0.80,14,0.090,45,139,3,0.07,35,0.2,8,0.04,0.06,0.5,0.218,0.043,7,0,,0,0,,,,160,,,,,,,,,,0.020,0.010,0.000,0.010,0.000,0.000,0.000,0.040,0.000,0.000,0.040,0,0.090,0.000,0.000,0.000,0.000,,0,,,,,,,,,,,,,,,,,,,
137,4055,Mướp đắng,"Balsam-pear, balsam-apple, bitter melon, bitter gourd",20.0,94.4,16,69,0.9,0.2,2.8,1.1,0.6,,,,,,,,18,0.60,17,0.090,29,296,5,0.80,34,0.2,22,0.07,0.04,0.3,0.212,0.043,72,0,,0,0,,,,190,185,0,0,170,,,,,,,,,,,,,,,,,,,,,,,,0,,,,,,,,,,,,,,,,,,,
138,4056,Mướp Nhật bản,"Gourd, sponge gourd, Japanese",10.0,95.4,10,44,0.8,0.0,1.8,1.4,0.6,,,,,,,,30,0.30,,,22,,,,,,,,,,,,,,,,0,,,,,,,,,,,,,,,,,,,,,,,,,,,,,,,,0,,,,,,,,,,,,,,,,,,,
139,4057,Ngải cứu,"Mugwort, common sagebrush",31.0,89.7,25,104,3.8,0.0,2.4,2.0,2.1,,,,,,,,136,3.10,,,45,,,,,,,,,,,,,,,,0,,,,,,,,,,,,,,,,,,,,,,,,,,,,,,,,0,,,,,,,,,,,,,,,,,,,
140,4058,Ngô bao tử,"Corn, small variety immature, baby corn",0.0,89.2,40,168,2.2,0.2,7.4,0.4,0.6,,,,,,,,5,0.90,,,52,,,,,,34,0.09,0.20,0.7,,,,,,,0,,,,,,,,,,,,,,,,,,,,,,,,,,,,,,,,0,,,,,,,,,,,,,,,,,,,
141,4059,Ngó sen,"Lotus, stem underground",11.0,82.9,61,253,1.0,0.1,13.9,1.2,0.9,,,,,,,,19,0.50,23,0.260,51,556,40,0.39,257,0.7,25,0.11,0.04,0.4,0.377,0.258,13,0,,0,0,,,,10,,,,,,,,,,0.030,0.030,0.000,0.000,0.000,0.000,0.000,0.020,0.000,0.000,0.010,0,0.010,0.010,0.000,0.000,0.000,,0,,94,22,20,47,51,55,69,54,88,38,22,29,54,369,139,156,136,60
142,4060,Nụ mướp,"Sponge gourd, rag, young flower",18.0,90.0,30,124,4.9,,2.5,1.5,1.1,,,,,,,,140,1.20,,,80,,,,,,,,,,,,,,,,0,,,,,,,,,,,,,,,,,,,,,,,,,,,,,,,,0,,,,,,,,,,,,,,,,,,,
143,4061,Ớt đỏ to,"Chili pepper, peppers red",18.0,92.2,23,95,1.0,0.3,4.0,2.0,0.5,4.2,0,0,0,2.26,1.94,0,7,0.43,12,0.110,26,211,2,0.25,17,0.1,190,0.05,0.09,1.0,0.317,0.291,18,0,,,0,0.00,1.58,4.9,1624,20,490,308,51,,,,,,0.060,0.060,0.000,0.000,0.000,0.000,0.000,0.010,0.000,0.000,0.000,0,0.100,0.060,0.000,0.000,0.000,,0,,43,12,12,30,37,41,43,32,48,20,19,20,40,142,130,37,43,40
144,4062,Ớt vàng to,"Peppers, yellow",10.0,91.0,29,122,1.3,0.2,5.5,1.4,0.6,,,,,,,,86,3.60,12,1.100,120,275,15,0.32,140,0.3,250,0.37,0.51,2.5,0.168,0.168,26,0,,0,0,,,,120,,,,,,,,,,0.030,,,,,,,,,,,,,,,,,,0,,44,12,13,31,37,42,52,32,48,20,19,21,41,143,132,37,44,40
145,4063,Ớt xanh to,"Peppers, green",10.0,92.0,25,104,1.3,0.2,4.5,1.5,0.5,2.4,0,0,0,1.12,1.16,0.11,6,0.80,10,0.120,25,175,3,0.13,66,0,103,0.04,0.05,0.9,0.099,0.224,11,0,,0,0,,,,198,22,,,,55,,,,,0.060,0.050,0.000,0.010,0.000,0.000,0.000,0.010,0.000,0.000,0.010,0,0.050,0.010,0.000,0.000,0.000,,0,9,65,17,8,43,41,26,49,42,21,13,23,24,55,139,178,42,48,39
146,4064,Quả dọc,M· sè:,36.0,95.0,19,79,0.8,0.0,3.9,,0.3,,,,,,,,21,,,,5,,,,,,,,,,,,,,,,0,,,,,,,,,,,,,,,,,,,,,,,,,,,,,,,,0,,,,,,,,,,,,,,,,,,,
147,4065,Quả me chua,"Tamarind fruit, pulp raw",15.0,90.3,27,112,1.9,,4.8,2.0,1.0,,,,,,,,130,0.40,,,46,,,,,,12,0.15,0.05,0.4,,,,,,,0,,,,10,,,,,,,,,,,,,,,,,,,,,,,,,,,,0,,,,,,,,,,,,,,,,,,,
148,4066,Rau bí,Pumpkin leaves,23.4,93.2,18,74,2.7,,1.7,1.7,0.7,,,,,,,,100,2.10,18,0.290,26,390,17,0.45,90,0.9,11,0.09,0.13,0.9,0.042,0.207,36,0,,0,0,,,,1940,,,,,,,,,,0.210,0.150,0.000,0.010,0.000,0.000,0.000,0.050,0.000,0.030,0.030,0,0.010,0.010,0.000,0.000,0.000,,0,,200,54,41,171,156,181,318,156,217,50,32,156,,,,,,
149,4067,Rau câu khô,Dried seaweed,0.0,20.0,198,828,11.2,1.1,35.8,20.8,11.1,2.97,,,,,,,378,8.80,770,4.300,124,1125,102,5.80,610,7.4,0,0.01,0.22,0.2,3.018,0.303,580,0,,0,0,,5,24.4,,,,,,,,,,,0.060,0.060,0.000,0.000,0.000,0.000,0.000,0.030,0.000,0.010,0.010,0,0.000,0.000,0.000,0.000,0.000,,0,,,,,,,,,,,,,,,,,,,
150,4068,Rau câu tươi,Seaweed fresh,4.0,86.2,25,104,1.9,0.1,4.1,5.0,2.7,0.28,,,,,,,85,0.90,67,0.370,34,226,9,0.58,61,0.7,0,0.01,0.03,0.5,0.302,0.032,85,0,,0,0,,0.87,2.3,,,,,,,,,,,0.010,0.010,0.000,0.000,0.000,0.000,0.000,0.000,0.000,0.000,0.000,0,0.000,0.000,0.000,0.010,0.000,,0,,,,,,,,,,,,,,,,,,,
151,4069,Rau diếp,Lettuce garden,10.0,95.7,14,57,1.2,0.2,1.8,0.5,0.6,0.78,0,0,0,0.43,0.36,0,38,1.10,18,0.800,37,254,14,0.40,180,0.8,30,0.30,0.09,0.2,0.134,0.09,38,0,,0,0,,0.29,173.6,4443,0,0,0,1730,13,,,,,0.020,0.020,0.000,0.000,0.000,0.000,0.000,0.010,0.000,0.000,0.010,0,0.020,0.060,0.000,0.000,0.000,,0,38,84,16,9,55,59,70,79,84,71,22,16,32,56,142,182,57,48,39
152,4070,Rau đay,Jute potherb,20.0,91.4,25,106,2.8,0.3,3.0,1.5,1.1,,,,,,,,182,7.70,79,0.120,57,417,16,0.79,255,0.9,77,0.13,0.26,1.1,0.072,0.6,123,0,,0,0,,,,4560,,,,,,,,,,0.040,0.030,0.000,0.010,0.000,0.000,0.000,0.020,0.000,0.000,0.010,0,0.120,0.000,0.000,0.000,0.000,,0,,219,65,30,212,164,248,388,221,248,110,40,147,256,567,493,214,246,182
153,4071,"Rau giấp cá, diếp cá",Wild plant,0.0,91.5,22,94,2.9,,2.7,1.8,1.1,,,,,,,,,,,,,,,,,,68,,,,,,,,,,0,,,,620,,,,,,,,,,,,,,,,,,,,,,,,,,,,0,,,,,,,,,,,,,,,,,,,
154,4072,Rau giền cơm,"Amaranth, spineless",0.0,92.0,21,87,3.4,0.3,1.1,1.6,1.6,,,,,,,,341,4.10,55,0.890,76,611,20,0.90,162,0.9,63,0.36,1.30,1.3,0.064,0.192,85,0,,0,0,,,1140,5300,,,,,,,,,,0.090,0.070,0.000,0.010,0.000,0.000,0.000,0.080,0.000,0.000,0.080,0,0.150,0.000,0.000,0.000,0.000,,0,,127,36,31,133,99,137,195,119,121,52,29,80,139,229,292,132,121,111
155,4073,Rau giền đỏ,"Amaranth, sp. Red",38.0,86.2,41,170,3.3,0.3,6.2,1.6,2.4,,,,,,,,288,5.40,164,1.850,123,476,56,0.50,200,,89,0.08,1.16,1.4,,,,,,,0,,,,4080,,,,,,,,,,,,,,,,,,,,,,,,,,,,0,,,,,,,,,,,,,,,,,,,
156,4074,Rau giền trắng,"Amaranth, sp White",14.0,86.7,42,174,3.2,0.4,6.3,1.5,1.9,,,,,,,,288,6.10,,,80,,,,,,27,0.08,0.28,0.3,,,,,,,0,,,,2855,,,,,,,,,,,,,,,,,,,,,,,,,,,,0,,110,40,,120,100,120,170,100,100,40,,,,,,,,
157,4075,Rau húng,"Basil sweet leaves, raw",20.0,91.4,20,85,2.2,0.6,1.5,3.5,0.8,0.3,,,,,,,202,4.80,73,1.860,83,148,91,0.91,220,0.3,27,0.08,0.35,0.8,0.238,0.129,64,0,,0,0,,,414.8,3142,0,46,0,5650,,,,,,0.040,0.040,0.000,0.010,0.000,0.000,0.000,0.090,0.000,0.000,0.090,0,0.070,0.320,0.000,0.000,0.000,,0,,110,36,39,130,104,127,191,104,117,51,28,77,132,301,277,122,104,99
158,4076,Rau khoai lang,"Sweet potato, leaves",5.0,91.9,23,97,2.6,0.3,2.5,1.4,1.3,,,,,,,,48,2.70,60,0.260,54,498,19,0.29,37,0.9,11,0.13,0.26,0.9,0.225,0.19,80,0,,0,0,,,,1830,,,,,,,,,,0.070,0.060,0.000,0.010,0.000,0.000,0.000,0.010,0.000,0.000,0.010,0,0.110,0.020,0.000,0.000,0.000,,0,,228,86,35,,,,,,,,47,,,,,,,
159,4077,Rau kinh giới,Sweet marjoram,16.0,90.3,22,92,2.7,,2.8,3.6,0.6,,,,,,,,246,1.00,89,,15,211,2,0.52,250,,110,,,,,,,,,,0,,,,4360,,,,,,,,,,,,,,,,,,,,,,,,,,,,0,,,,,,,,,,,,,,,,,,,
160,4078,Rau má rừng,Wild plant,0.0,91.1,25,104,3.1,,3.1,1.5,1.2,,,,,,,,172,0.20,,,24,,,,,,20,,,,,,,,,,0,,,,260,,,,,,,,,,,,,,,,,,,,,,,,,,,,0,,,,,,,,,,,,,,,,,,,
161,4079,"Rau má, má mơ","Wort, India penny",0.0,88.2,20,84,3.2,,1.8,4.5,2.3,,,,,,,,229,3.10,,,2,,,,,,37,0.15,0.14,1.2,,,,,,,0,,,,1300,,,,,,,,,,,,,,,,,,,,,,,,,,,,0,,,,,,,,,,,,,,,,,,,
162,4080,Rau mồng tơi,"Malabar night shade, Vinespinach, Ceylon spinach",17.0,93.2,14,57,2.0,,1.4,2.5,0.9,,,,,,,,176,1.60,94,0.450,34,391,38,0.54,20,,72,0.06,0.17,0.6,,,,,,,0,,,,1920,,,,,,,,,,,,,,,,,,,,,,,,,,,,0,,,,,,,,,,,,,,,,,,,
163,4081,Rau mùi,Coriander,15.0,93.3,16,66,2.6,0.5,0.2,1.8,1.6,0.87,,,,,,,133,4.50,26,0.430,80,521,46,0.50,225,0.9,140,0.11,0.15,1.3,0.57,0.149,62,0,,0,0,,2.5,310,3930,36,202,0,865,,,,,,0.010,0.010,0.000,0.000,0.000,0.000,0.000,0.280,0.000,0.000,0.270,0,0.040,0.000,0.000,0.000,0.000,,0,5,,,,,,,,,,,,,,,,,,
164,4082,Rau mùi tàu,"Parsley, curley",20.0,92.0,25,105,2.1,0.8,2.4,1.6,1.1,0.85,,,,,,,20,2.90,35,0.360,30,237,39,0.41,210,0.1,177,0.11,0.28,1.4,0.4,0.09,152,0,,0,0,,0.75,1640,5040,0,0,0,5561,,,,,,0.130,0.080,0.000,0.040,0.000,0.000,0.000,0.300,0.000,0.010,0.290,0,0.120,0.010,0.000,0.000,0.000,,0,5,181,42,45,145,122,172,204,118,122,61,14,82,195,194,249,145,213,136
165,4083,Rau muống,"Swamp cabbage, water spinach, water convol",37.5,92.0,25,104,3.2,0.4,2.1,1.0,1.3,0.42,0.1,0,0,0.15,0.11,0.07,100,1.40,15,0.600,37,331,37,0.35,100,1,23,0.10,0.09,0.7,0.065,0.195,194,0,1.6,0,0,,2.03,482.9,5597,0,0,0,11938,57,,,,,0.060,0.050,0.000,0.000,0.000,0.000,0.000,0.010,0.000,0.010,0.010,0,0.030,0.140,0.000,0.000,0.000,,0,9,174,53,39,129,122,161,223,147,162,64,35,108,142,240,343,134,112,104
166,4084,Rau muống khô,"Water spinach, dried",0.0,14.0,245,1025,34.2,1.8,23.0,12.0,15.0,,,,,,,,880,15.20,,,300,,,,,,10,,,,,,,,,,0,,,,12996,,,,,,,,,,,,,,,,,,,,,,,,,,,,0,,,,,,,,,,,,,,,,,,,
167,4085,Rau ngổ,Limnophila aromatic,29.0,93.3,15,64,1.5,,2.3,2.1,0.8,,,,,,,,84,2.20,,1.490,18,222,5,1.48,480,,78,0.11,0.15,1.3,,,,,,,0,,,,2325,,,,,,,,,,,,,,,,,,,,,,,,,,,,0,,,,,,,,,,,,,,,,,,,
168,4086,Rau ngót,"Sauropus, sp. leaves",23.0,86.4,35,146,5.3,,3.4,2.5,2.4,,,,,,,,169,2.70,123,2.400,65,457,25,0.94,190,,185,0.07,0.39,2.2,,,,,,,0,,,,6650,,,,,,,,,,,,,,,,,,,,,,,,,,,,0,,,,,,,,,,,,,,,,,,,
169,4087,Rau ngót khô,"Sauropus, dried",0.0,14.0,239,1002,32.2,2.6,21.8,15.0,14.4,,,,,,,,,,,,,,,,,,,,,,,,,,,,0,,,,1560,,,,,,,,,,,,,,,,,,,,,,,,,,,,0,,,,,,,,,,,,,,,,,,,
170,4088,Rau răm,Polygonum odoratum,25.0,86.7,30,126,4.7,,2.8,3.8,2.0,,,,,,,,316,2.20,28,3.630,55,216,5,1.05,390,,57,,,,,,,,,,0,,,,,,,,,,,,,,,,,,,,,,,,,,,,,,,,0,,,,,,,,,,,,,,,,,,,
171,4089,Rau rút,"Neptunia, dismanthus",55.0,90.4,28,115,5.1,,1.8,1.9,0.8,,,,,,,,180,,,,59,,,,,,,,,,,,,,,,0,,,,,,,,,,,,,,,,,,,,,,,,,,,,,,,,0,,,,,,,,,,,,,,,,,,,
172,4090,Rau sà lách,"Lettuce, garden asparagus",10.0,95.0,17,70,1.5,0.4,1.8,0.5,0.8,,,,,,,,77,0.90,18,0.750,34,333,59,0.40,220,0.8,15,0.14,0.12,0.7,,,,,0.7,,0,,,,1050,,,,,13,,,,,0.060,0.050,0.000,0.010,0.000,0.000,0.000,0.010,0.000,0.000,0.010,0,0.080,0.110,0.000,0.000,0.000,,0,,88,41,18,117,94,124,145,88,103,37,2,20,61,120,210,43,41,41
173,4091,Rau sam,"Purslane, common",0.0,93.6,18,74,1.4,,3.0,0.7,1.3,,,,,,,,85,1.50,,,56,,,,,,26,0.03,0.11,0.7,,,,,,,0,,,,160,,,,,,,,,,,,,,,,,,,,,,,,,,,,0,,,,,,,,,,,,,,,,,,,
174,4092,Rau sắng (chùa Hương),Perfume pagoda wild plant,40.0,82.4,48,201,6.5,,5.5,3.4,2.2,,,,,,,,110,,,,80,,,,,,114,,,,,,,,,,0,,,,,,,,,,,,,,,,,,,,,,,,,,,,,,,,0,,,,,,,,,,,,,,,,,,,
175,4093,Rau tàu bay,Gynura crepidioides,0.0,93.1,18,74,2.5,,1.9,1.6,0.9,,,,,,,,81,,,,25,,,,,,10,,,,,,,,,,0,,,,1700,,,,,,,,,,,,,,,,,,,,,,,,,,,,0,,,,,,,,,,,,,,,,,,,
176,4094,Rau thơm,Mint leaves,25.0,91.7,18,74,2.0,,2.4,3.0,0.9,,,,,,,,170,3.80,,0.880,49,217,6,0.56,740,,41,0.14,0.15,1.0,,,,,,,0,,,,3560,,,,,,,,,,,,,,,,,,,,,,,,,,,,0,,,,,,,,,,,,,,,,,,,
177,4095,Sấu xanh,"Dracontomelum fruit, unripe, raw",35.0,94.7,19,80,1.8,,3.0,,0.5,,,,,,,,135,,,,6,,,,,,,,,,,,,,,,0,,,,,,,,,,,,,,,,,,,,,,,,,,,,,,,,0,,,,,,,,,,,,,,,,,,,
178,4096,Su hào,Kohlrabi,22.4,88.0,37,154,2.8,0.1,6.2,1.7,1.2,2.6,,,,,,,46,0.60,19,0.620,50,321,53,0.45,310,0.7,40,0.06,0.05,0.2,0.165,0.15,16,0,,0,0,,0.48,0.1,22,,,,,25,,,,,0.010,0.010,0.000,0.000,0.000,0.000,0.000,0.010,0.000,0.000,0.010,0,0.020,0.030,0.000,0.000,0.000,,0,,74,18,27,46,64,55,90,120,134,18,9,32,103,126,205,57,77,85
179,4097,Su hào khô,Dried kohlrabi,0.0,15.0,261,1092,20.0,1.4,42.1,12.5,9.0,,,,,,,,,,,,,,,,,,3,,,,,,,,,,0,,,,,,,,,,,,,,,,,,,,,,,,,,,,,,,,0,,,,,,,,,,,,,,,,,,,
180,4098,"Su su, quả","Chayote, fruit raw",20.0,94.0,19,78,0.8,0.1,3.6,1.0,0.5,1.85,,,,,,,17,0.40,12,0.190,14,125,2,0.74,123,0.2,4,0.01,0.02,0.4,0.249,0.076,93,0,,0,0,,0.12,4.6,0,,,,,,,,,,0.030,0.020,0.000,0.000,0.000,0.000,0.000,0.010,0.000,0.000,0.010,0,0.020,0.040,0.000,0.000,0.000,,0,,39,1,11,47,40,63,77,44,35,15,,32,51,92,125,41,44,47
181,4099,Súp lơ trắng,"Cauliflower, white",40.0,90.9,30,126,2.5,0.1,4.8,0.9,0.8,2.4,,,,,,,26,1.40,22,0.200,51,349,20,0.20,140,0.6,70,0.11,0.10,0.6,0.652,0.222,57,0,1.5,0,0,,0.08,16,8,0,0,0,33,51,,,,,0.030,0.030,0.000,0.000,0.000,0.000,0.000,0.010,0.000,0.000,0.010,0,0.020,0.080,0.000,0.000,0.000,,0,18,134,46,35,81,100,138,161,104,108,46,36,35,192,200,184,165,124,109
182,4100,Súp lơ xanh,"Cauliflower, green",39.0,89.8,26,109,3.0,0.3,2.9,3.2,0.9,3.03,,,,,,,33,0.73,20,0.250,62,300,23,0.64,41,0.6,88,0.08,0.10,0.7,0.696,0.222,57,0,,0,0,,0.04,20.2,93,0,0,0,42,,,,,,0.050,0.040,0.000,0.000,0.000,0.000,0.000,0.030,0.000,0.000,0.020,0,0.030,0.100,0.000,0.000,0.000,,0,,158,42,39,105,107,148,172,112,142,59,34,64,156,345,393,95,127,154
183,4101,Thịa là,Dill,25.0,88.4,28,115,2.6,1.1,1.8,5.0,1.1,,,,,,,,200,1.20,55,0.550,12,361,48,0.50,220,,63,0.05,0.12,0.7,0.397,0.185,150,0,,0,0,,,,2850,,,,,,,,,,0.060,0.050,0.000,0.010,0.000,0.000,0.000,0.800,0.000,0.000,0.800,0,0.080,0.010,0.000,0.000,0.000,,0,,246,11,14,65,68,154,159,195,142,71,17,96,227,343,290,169,248,158
184,4102,Tía tô,"Balm-mint, garden- balm",20.0,89.1,25,105,2.9,,3.4,3.6,1.0,,,,,,,,190,3.20,112,0.730,18,284,3,0.86,460,,13,,,,,,,,,,0,,,,5520,,,,,,,,,,,,,,,,,,,,,,,,,,,,0,,,,,,,,,,,,,,,,,,,
185,4103,Tỏi ta,Garlic bulbs,20.0,67.7,121,504,6.0,0.5,23.0,1.5,1.3,1,,,,,,,24,1.50,8,1.300,181,373,18,0.90,299,77.1,10,0.24,0.03,0.9,0.596,1.235,3,0,,0,0,,0.01,1.4,0,0,0,0,26,,,,,,0.090,0.090,0.000,0.000,0.000,0.000,0.000,0.010,0.000,0.000,0.010,0,0.230,0.020,0.000,0.000,0.000,,0,,273,76,66,183,157,291,308,217,634,113,65,81,132,489,805,200,100,190
186,4104,Tỏi tây (cả lá),"Chinese Leek, Onion fragrant",20.0,90.0,29,122,1.4,,5.9,1.5,1.2,,,,,,,,80,2.00,,,58,,,,,,20,0.06,0.04,0.5,,,,,,,0,,,,10,,,,,,,,,,,,,,,,,,,,,,,,,,,,0,,100,35,23,97,82,98,140,74,99,38,,,,,,,,
187,4105,Trám đen chín,Variety of canarium,50.0,77.0,114,479,2.5,10.0,3.6,4.9,2.0,,,,,,,,140,,,,30,,,,,,14,,,,,,,,,,0,,,,,,,,,,,,,,,,,,,,,,,,,,,,,,,,0,,,,,,,,,,,,,,,,,,,
188,4106,"Trám xanh sống, trám trắng",Chinese olive,34.0,86.7,37,154,1.2,1.6,4.4,4.9,1.2,,,,,,,,136,,,,9,,,,,,20,0.02,0.11,0.4,,,,,,,0,,,,330,,,,,,,,,,,,,,,,,,,,,,,,,,,,0,,,,,,,,,,,,,,,,,,,
189,4107,Xương sông,Edible herbaceous plant,10.0,91.7,15,62,2.2,,1.5,3.2,1.4,,,,,,,,112,4.00,50,,17,424,12,,,,4,,,,,,,,,,0,,,,,,,,,,,,,,,,,,,,,,,,,,,,,,,,0,,,,,,,,,,,,,,,,,,,
190,4108,Cà chua muối,"Tomato, pickled",5.0,94.0,6,27,0.6,,1.0,0.8,3.6,,,,,,,,,,,,,,,,,,,,,,,,,,,,0,,,,,,,,,,,,,,,,,,,,,,,,,,,,,,,,0,,,,,,,,,,,,,,,,,,,
191,4109,Cà muối nền,"Eggplant, garden, brinjan; aubergine, pickled",5.0,81.0,13,55,1.3,,2.0,1.7,14.0,,,,,,,,15,0.80,,,18,,,,,,,0.05,0.06,0.7,,,,,,,0,,,,40,,,,,,,,,,,,,,,,,,,,,,,,,,,,0,,,,,,,,,,,,,,,,,,,
192,4110,Cà muối sổi,"Eggplant, garden, brinjan; aubergine, pickled",5.0,84.3,16,67,1.5,,2.5,1.7,10.0,,,,,,,,,,,,,,,,,,,,,,,,,,,,0,,,,,,,,,,,,,,,,,,,,,,,,,,,,,,,,0,,,,,,,,,,,,,,,,,,,
193,4111,Dưa cải bắp,"Cabbage Chinese, pickled",5.0,90.9,18,75,1.2,,3.3,1.6,3.0,,,,,,,,51,0.30,,,34,,,,,,20,0.01,0.06,0.3,,,,,,,0,,,,20,,,,,,,,,,,,,,,,,,,,,,,,,,,,0,,,,,,,,,,,,,,,,,,,
194,4112,Dưa cải bế,"Mustard green, pickled",5.0,90.1,17,70,1.8,,2.4,2.1,3.6,,,,,,,,100,3.00,,,21,,,,,,3,0.03,0.12,0.5,,,,,,,0,,,,745,,,,,,,,,,,,,,,,,,,,,,,,,,,,0,,,,,,,,,,,,,,,,,,,
195,4113,Dưa cải sen,"Rape bird, pickled",5.0,93.8,10,40,1.1,,1.3,1.8,2.0,,,,,,,,63,,,,41,,,,,,,,,,,,,,,,0,,,,,,,,,,,,,,,,,,,,,,,,,,,,,,,,0,,,,,,,,,,,,,,,,,,,
196,4114,Dưa chuột muối,"Cucumber, pickled",5.0,92.1,13,55,0.8,,2.5,0.7,3.9,,,,,,,,25,1.20,4,0.010,20,23,1208,0.02,85,0,4,0.01,0.02,0.2,0.038,0.009,1,0,,0,0,,0.06,13,100,,,,,,,,,,0.050,0.040,0.000,0.010,0.000,0.000,0.000,0.000,0.000,0.000,0.000,0,0.040,0.050,0.000,0.000,0.000,,0,14,23,5,4,15,18,24,26,18,39,9,6,18,23,46,123,25,15,24
197,4115,Dưa giá (đậu xanh),"Mung bean sprouts, pickled",0.0,86.2,39,164,5.0,,4.8,2.0,2.0,,,,,,,,22,1.10,,,33,,,,,,,,,,,,,,,,0,,,,,,,,,,,,,,,,,,,,,,,,,,,,,,,,0,,,,,,,,,,,,,,,,,,,
198,4116,Hành củ muối,"Onion, pickled",30.0,88.5,22,90,1.4,,4.0,0.7,5.4,,,,,,,,12,1.30,,,5,,,,,,,0.02,0.03,0.1,,,,,,,0,,,,18,,,,,,,,,,,,,,,,,,,,,,,,,,,,0,,,,,,,,,,,,,,,,,,,
199,4117,Kiệu muối,"Onion shallot, scallion, pickled",30.0,89.5,24,100,1.3,,4.7,1.2,3.3,,,,,,,,50,1.20,,,35,,,,,,12,0.05,0.10,,,,,,,,0,,,,,,,,,,,,,,,,,,,,,,,,,,,,,,,,0,,,,,,,,,,,,,,,,,,,
200,4118,"Nhút (muối từ mít non, ngọn đậu xanh non...)",Mix pickled from young jack fruit,0.0,84.9,16,67,2.5,,1.5,2.3,8.8,,,,,,,,204,9.00,,,33,,,,,,,,,,,,,,,,0,,,,,,,,,,,,,,,,,,,,,,,,,,,,,,,,0,,,,,,,,,,,,,,,,,,,
201,4119,Men bia khô,"Brewer's yeast, fried",0.0,7.5,340,1424,52.5,3.2,25.4,6.6,4.8,,,,,,,,44,16.10,,,1291,,,,,,,2.33,5.44,36.7,,,,,200,,0,,,,,,,,,,,,,,,,,,,,,,,,,,,,,,,,0,,,,,,,,,,,,,,,,,,,
202,4120,Men bia tươi,"Baker's yeast, fresh",0.0,74.6,95,395,16.2,1.3,4.5,2.0,1.4,,,,,,,,30,5.00,,,272,,,,,,,0.77,1.06,8.3,,,,,60,,0,,,,,,,,,,,,,,,,,,,,,,,,,,,,,,,,0,,949,203,226,633,678,881,1017,678,588,362,158,678,994,1424,1876,655,633,746
203,4121,Mộc nhĩ,"Jew's ear, Juda's ear, dried, Wood-ear, Tender variety",10.0,11.4,304,1273,10.6,0.2,65.0,7.0,5.8,,,,,,,,357,56.10,146,1.150,201,708,70,7.52,5070,133.1,1,0.15,0.55,2.7,21.477,0.95,160,0,,0,0,,,,20,,,,,,,,,,,,,,,,,,,,,,,,,,,,0,,,,,,,,,,,,,,,,,,,
204,4122,Nấm hương khô,"Mushroom Chinese, dried",10.0,13.0,274,1146,36.0,4.0,23.5,17.0,6.5,,,,,,,,184,35.00,,,606,,,,,,,0.16,1.59,23.4,,,,,,,0,,,,,,,,,,,,,,,,,,,,,,,,,,,,,,,,0,,,,,,,,,,,,,,,,,,,
205,4123,Nấm hương tươi,"Mushroom, Chinese, raw",25.0,87.0,39,163,5.5,0.5,3.1,3.0,0.9,,,,,,,,27,5.20,,,89,,,,,,,,,,,,,,,,0,,,,,,,,,,,,,,,,,,,,,,,,,,,,,,,,0,,,,,,,,,,,,,,,,,,,
206,4124,Nấm mỡ (Nấm tây),Mushroom,10.0,90.4,32,135,4.0,0.3,3.4,1.1,0.8,,,,,,,,28,1.30,14,0.100,80,322,12,0.30,1790,13,4,0.11,0.16,3.3,,,,,16,,0,,,,10,,,,,58,,,,,,,,,,,,,,,,,,,,,,,0,,259,62,25,92,90,71,206,95,112,121,105,90,121,228,342,91,115,100
207,4125,Nấm rơm,"Mushroom, straw",10.0,87.9,57,238,3.6,3.2,3.4,1.1,0.8,,,,,,,,28,1.20,,,80,,,,,,2,0.12,0.33,9.1,,,,,,,0,,,,0,,,,,,,,,,,,,,,,,,,,,,,,,,,,0,,,,,,,,,,,,,,,,,,,
208,4126,Nấm thường tươi,"Mushroom, common",25.0,88.0,34,144,4.6,0.8,2.2,3.5,0.9,1.65,0,0,0,0.17,1.48,0,2,0.70,9,0.050,59,318,5,0.52,318,9.3,6,0.25,0.30,5.2,1.497,0.104,16,0,,0,0,1.90,0.01,0,10,,,,,,,,,,0.050,0.040,0.000,0.010,0.000,0.000,0.000,0.000,0.000,0.000,0.000,0,0.160,0.000,0.000,0.000,0.000,,0,,107,31,35,85,107,232,120,76,78,57,12,44,199,195,343,92,76,94
209,5001,Bưởi,"Pomelo, Pummelo; Shaddock",35.0,91.4,30,126,0.2,0.0,7.3,0.7,0.4,,,,,,,,23,0.50,6,0.020,18,159,3,0.16,120,,95,0.04,0.02,0.3,,0.036,,,,,0,,,,0,0,10,0,0,,,,,,,,,,,,,,,,,,,,,,,,0,,,,,,,,,,,,,,,,,,,
210,5002,Cam,Orange,31.1,88.8,38,158,0.9,0.1,8.3,1.4,0.5,9.35,,,,,,,34,0.40,10,0.520,23,108,4,0.22,140,0.4,40,0.08,0.03,0.2,0.25,0.06,30,0,0.89,0,0,,0.18,0,71,11,116,0,129,19,,,,,0.020,0.010,0.000,0.000,0.000,0.000,0.000,0.020,0.000,0.000,0.020,0,0.020,0.010,0.000,0.000,0.000,,0,,43,12,6,30,12,31,22,23,52,12,10,17,51,114,99,83,46,23
211,5003,Chanh,Lemon,25.0,92.5,24,102,0.9,0.3,4.5,1.3,0.5,,,,,,,,40,0.60,12,,22,145,3,0.10,260,,77,0.04,0.01,0.1,0.232,0.109,,,0.5,,0,,,,,,,,,,,,,,0.040,0.040,0.000,0.000,0.000,0.000,0.000,0.010,0.000,0.000,0.010,0,0.060,0.030,0.000,0.000,0.000,,0,12,28,11,5,27,11,28,19,22,47,11,10,15,46,106,88,74,41,22
212,5004,Chôm chôm,Rambutan,50.0,80.3,72,300,1.5,0.0,16.4,1.3,0.5,,,,,,,,28,0.50,,,15,,,,,,,,,,,,,,,,0,,,,,,,,,,,,,,,,,,,,,,,,,,,,,,,,0,,,,,,,,,,,,,,,,,,,
213,5005,Chuối khô,"Banana, dried",0.0,22.0,292,1222,5.0,0.0,68.0,2.3,2.7,,,,,,,,,,,,,,,,,,,,,,,,,,,,0,,,,,,,,,,,,,,,,,,,,,,,,,,,,,,,,0,,,,,,,,,,,,,,,,,,,
214,5006,Chuối tây,Banana,26.5,83.2,56,234,0.9,0.3,12.4,2.6,0.6,12.23,0,0.1,0,4.85,4.98,2.39,12,0.50,27,0.310,25,286,17,0.32,150,1,6,0.04,0.07,0.6,0.334,0.367,20,0,5.5,0,0,,0.1,0.5,26,25,0,0,22,57,,,,,0.110,0.100,0.000,0.010,0.000,0.000,0.000,0.030,0.000,0.010,0.020,0,0.010,0.020,0.000,0.000,0.000,,0,16,44,7,14,27,30,32,55,21,40,80,8,14,42,152,190,38,36,38
215,5007,Chuối tiêu,"Banana, dwarf",35.0,74.4,97,404,1.5,0.2,22.2,0.8,0.9,,,,,,,,8,0.60,41,0.120,28,329,19,0.37,140,0.9,6,0.04,0.05,0.7,,,,,,,0,,,,45,,,,,,,,,,,,,,,,,,,,,,,,,,,,0,,,,,,,,,,,,,,,,,,,
216,5008,Dâu gia,Blackberry,56.0,92.8,27,114,0.6,,6.2,,0.4,,,,,,,,20,0.50,,,12,,,,,,2,,,,,,,,,,0,,,,,,,,,,,,,,,,,,,,,,,,,,,,,,,,0,,,,,,,,,,,,,,,,,,,
217,5009,Dâu tây,Strawberry,15.0,84.9,43,181,1.8,0.4,8.1,4.0,0.8,,,,,,,,22,0.70,17,,23,292,37,,,,60,0.03,0.06,0.3,,,,,1.1,,0,,,,30,,,,,21,,,,,,,,,,,,,,,,,,,,,,,0,,33,1,9,23,25,23,42,18,35,16,7,27,42,182,120,33,26,31
218,5010,Dưa bở,"Musk melon, Spanish melon, Cantaloupe",10.0,94.5,18,76,0.5,0.2,3.6,0.7,0.5,7.89,0,0,0,1.37,1.57,4.87,36,0.30,9,0.050,36,201,0,0.17,86,0,9,0.04,0.02,0.4,0.185,0.025,5,0,,0,0,,0.77,2.2,150,0,98,0,130,33,,,,,0.030,0.020,0.000,0.000,0.000,0.000,0.000,0.090,0.000,0.000,0.090,0,0.110,0.000,0.000,0.000,0.000,,0,,30,12,2,23,17,33,29,21,29,15,2,14,95,136,209,26,19,42
219,5011,Dưa hấu,Watermelon,48.0,95.5,16,66,1.2,0.2,2.3,0.5,0.3,6.2,0,0.06,0,3.36,1.58,1.21,8,1.00,15,0.030,13,187,5,0.11,80,0.4,7,0.04,0.04,0.2,0.221,0.045,3,0,,0,0,,0.05,0.1,303,0,78,4532,8,,,,,,0.020,0.010,0.000,0.010,0.000,0.000,0.000,0.040,0.000,0.000,0.040,0,0.050,0.000,0.000,0.000,0.000,,0,2,64,6,7,16,28,16,18,20,60,6,2,12,17,40,65,10,25,16
220,5012,Dưa hồng,Honey dew melon,16.0,95.0,17,72,0.3,0.1,3.7,0.4,0.5,8.12,0,0,0,2.96,2.68,2.48,27,0.40,10,0.030,12,228,18,0.09,24,0.7,7,0.02,0.02,0.5,0.155,0.088,19,0,,0,0,,0.02,2.9,30,0,0,0,27,,,,,,0.040,0.030,0.000,0.000,0.000,0.000,0.000,0.000,0.000,0.000,0.000,0,0.030,0.030,0.000,0.000,0.000,,0,,18,5,5,15,13,18,16,13,14,5,5,10,44,88,153,16,12,23
221,5013,Dưa lê,M· sè:,18.0,93.3,18,77,0.4,0.0,4.2,0.5,1.6,,,,,,,,11,0.60,,,21,,,,,,,,,,,,,,,,0,,,,,,,,,,,,,,,,,,,,,,,,,,,,,,,,0,,,,,,,,,,,,,,,,,,,
222,5014,Dứa ta,"Pineapple, wild",40.0,91.5,29,122,0.8,,6.5,0.8,0.4,,,,,,,,15,0.50,22,0.120,17,157,24,0.25,320,0.5,24,0.08,0.02,0.2,,,,,,,0,,,,40,,,,,,,,,,,,,,,,,,,,,,,,,,,,0,,,,,,,,,,,,,,,,,,,
223,5015,Dứa tây,Pineapple,40.0,89.7,38,160,0.5,0.1,8.8,0.4,0.5,9.26,0,0,0,2.05,1.74,5.47,32,0.30,12,1.180,11,115,1,0.10,99,0.1,26,0.08,0.03,0.2,0.205,0.11,15,0,,0,0,,0.02,0.7,34,0,0,0,0,19,,,,,0.010,0.010,0.000,0.000,0.000,0.000,0.000,0.010,0.000,0.000,0.010,0,0.020,0.020,0.000,0.000,0.000,,0,6,24,12,5,21,19,24,24,19,19,10,14,19,33,121,79,24,17,35
224,5016,Đào,Peach,12.0,90.5,31,128,0.9,0.2,6.3,1.5,0.6,8.39,0.06,0.08,0,1.53,1.95,4.76,20,0.45,9,0.060,34,190,0,0.17,68,0.1,10,0.02,0.05,0.9,0.153,0.025,4,0,0.2,0,0,,0.73,2.6,162,0,67,0,91,21,,,,,0.020,0.020,0.000,0.000,0.000,0.000,0.000,0.070,0.000,0.000,0.070,0,0.080,0.000,0.000,0.000,0.000,,0,10,48,50,6,29,44,64,46,21,27,27,14,33,64,148,229,25,44,54
225,5017,Đu đủ chín,"Papaya, ripe",12.4,90.1,36,149,1.0,0.1,7.6,0.6,0.6,5.9,,,,,,,40,2.60,8,0.840,32,221,4,0.10,40,0.6,54,0.02,0.02,0.4,0.218,0.019,38,0,,0,0,,0.73,2.6,276,0,761,0,75,,,,,,0.040,0.030,0.000,0.000,0.000,0.000,0.000,0.040,0.000,0.020,0.020,0,0.010,0.030,0.000,0.000,0.000,,0,,25,2,8,9,11,10,16,8,10,5,,5,14,49,33,18,10,15
226,5018,Gioi,Ohia; Malaya roseapple,19.0,93.0,16,65,0.4,0.3,3.2,2.9,0.2,,,,,,,,12,0.50,5,0.030,6,123,0,0.06,16,,30,0.03,0.02,0.2,,,,,,0,0,,,,,,,,,,,,,,,,,,,,,,,,,,,,,,,,0,,,,,,,,,,,,,,,,,,,
227,5019,Hồng bì,"Wampee, Chinese; Wampi",46.0,88.2,34,144,1.4,,7.2,2.4,0.8,,,,,,,,48,0.40,,,9,,,,,,24,0.02,0.11,3.3,,,,,,,0,,,,,,,,,,,,,,,,,,,,,,,,,,,,,,,,0,,,,,,,,,,,,,,,,,,,
228,5020,Hồng đỏ,"Persimmon kaki, soft type, ripe",8.8,90.0,29,119,0.7,0.2,6.0,2.5,0.6,12.53,,,,5.56,5.44,1.54,10,0.20,9,1.120,19,214,4,0.19,100,0.6,16,0.01,0.02,0.2,,0.1,8,0,,0,0,,0.73,2.6,253,,1447,158,834,,,,,,0.020,0.020,0.000,0.000,0.000,0.000,0.000,0.040,0.000,0.000,0.040,0,0.040,0.000,0.000,0.000,0.000,,0,4,32,6,11,29,38,29,40,28,36,13,14,15,22,52,110,21,19,22
229,5021,Hồng ngâm,"Persimmon kaki, Hard-type, ripe",17.7,87.5,38,159,0.9,,8.6,2.5,0.5,,,,,,,,10,0.20,,1.220,19,217,3,0.22,100,,16,0.01,0.02,0.2,,,,,,,0,,,,1615,,,,,,,,,,,,,,,,,,,,,,,,,,,,0,,32,6,11,29,38,29,40,28,36,13,14,15,22,52,110,21,19,22
230,5022,Hồng xiêm,"Sapodilla, sapota ponderosa",10.0,85.7,48,202,0.5,0.7,10.0,2.5,0.6,,,,,,,,52,2.30,12,,24,193,12,0.10,86,0.6,8,0.00,0.02,0.2,0.252,0.037,14,0,,0,0,,,,,,,,,,,,,,0.190,0.100,0.000,0.090,0.000,0.000,0.000,0.000,0.000,0.520,0.000,0,0.010,0.000,0.000,0.000,0.000,,0,,39,3,5,13,12,16,24,15,17,16,,14,14,32,38,17,36,18
231,5023,Lê,Pear,12.0,87.8,45,190,0.7,0.2,10.2,0.6,0.5,9.8,0,0.01,0.01,6.23,2.76,0.78,19,2.30,7,0.050,16,88,5,0.13,140,0.1,4,0.02,0.04,0.1,0.048,0.028,7,0,0.1,0,0,,0.12,4.5,27,6,,,,12,,,,,0.010,0.010,0.000,0.000,0.000,0.000,0.000,0.030,0.000,0.000,0.030,0,0.030,0.000,0.000,0.000,0.000,,0,8,37,8,8,46,42,37,50,37,32,4,4,18,21,210,40,12,10,24
232,5024,Lùu,Pome granate,85.0,79.6,70,292,0.6,0.3,16.2,2.5,0.8,16.57,,,,,,,13,0.70,3,,23,259,3,0.12,70,0.6,6,0.07,0.01,0.3,0.596,0.105,6,0,,0,0,,0.6,4.6,40,50,,,,,,,,,0.040,0.020,0.000,0.010,0.000,0.000,0.000,0.050,0.000,0.010,0.040,0,0.060,0.000,0.000,0.000,0.000,,0,17,,,,,,,,,,,,,,,,,,
233,5025,Mãng cầu xiêm,"Siamese custard apple, soursop",21.0,84.7,53,222,1.8,0.6,10.1,1.9,0.9,,,,,,,,38,0.70,18,,14,382,4,,,,19,0.08,0.10,0.5,0.135,0.221,,,,,0,,,,,,,,,,,,,,0.230,,,,,,,,,,,,,,,,,,0,,37,4,7,,,,,,,,,,,,,,,
234,5026,Mắc coọc,Pyrus pashia Ham,14.0,93.8,24,99,0.2,,5.7,,0.3,,,,,,,,32,0.60,,,7,,,,,,2,,,,,,,,,,0,,,,,,,,,,,,,,,,,,,,,,,,,,,,,,,,0,,,,,,,,,,,,,,,,,,,
235,5027,Mận,"Japanese, plum",15.0,94.1,20,83,0.6,0.2,3.9,0.7,0.5,9.92,0.14,0.08,0,3.07,5.07,1.57,28,0.40,7,0.050,20,157,0,0.10,57,0,3,0.06,0.04,0.5,0.135,0.029,5,0,,0,0,,0.26,6.4,98,,16,,,24,,,,,0.020,0.010,0.000,0.000,0.000,0.000,0.000,0.130,0.000,0.000,0.130,0,0.040,0.000,0.000,0.000,0.000,,0,7,16,8,9,14,10,16,15,14,9,9,2,8,28,352,35,9,27,23
236,5028,Mít dai,"Jackfruit, jackfruit mature",55.0,85.4,50,207,0.6,0.3,11.1,1.2,1.4,,,,,,,,21,0.40,37,0.150,28,368,3,0.67,120,0.6,5,0.09,0.04,0.7,,0.108,14,0,,0,0,,,,180,,,,,,,,,,0.060,0.040,0.000,0.020,0.000,0.000,0.000,0.040,0.000,0.000,0.040,0,0.060,0.020,0.000,0.000,0.000,,0,,,,,,,,,,,,,,,,,,,
237,5029,Mít khô,Dried jackfruit,0.0,26.0,280,1170,2.9,,67.0,1.5,2.6,,,,,,,,,,,,,,,,,,,,,,,,,,,,0,,,,,,,,,,,,,,,,,,,,,,,,,,,,,,,,0,,,,,,,,,,,,,,,,,,,
238,5030,Mít mật,"Jack fruit, honey",55.0,82.2,62,259,1.5,,14.0,1.2,1.1,,,,,,,,21,0.40,,,28,,,,,,5,0.09,0.04,0.7,,,,,,,0,,,,80,,,,,,,,,,,,,,,,,,,,,,,,,,,,0,,,,,,,,,,,,,,,,,,,
239,5031,Mơ,"Apricot, Apricot nectar",14.0,87.1,48,199,0.9,0.4,10.1,0.8,0.7,9.24,0,0.06,0,0.94,2.37,5.87,28,2.10,10,0.080,26,259,1,0.20,78,0.1,7,0.04,0.06,0.7,0.24,0.054,9,0,,0,0,,0.89,3.3,2554,0,0,5,0,,,,,,0.030,0.020,0.000,0.000,0.000,0.000,0.000,0.170,0.000,0.000,0.170,0,0.080,0.000,0.000,0.000,0.000,,0,18,20,4,2,11,14,15,20,12,9,11,6,9,24,148,42,12,19,20
240,5032,Mơ khô,"Apricot dried, unsulfured",0.0,25.9,273,1143,3.0,1.1,62.8,4.1,3.1,53.44,0,0,0,12.47,33.08,7.89,62,4.50,32,0.240,106,1162,10,0.39,343,2.2,5,0.08,0.09,1.6,0.516,0.143,10,0,,0,0,,4.33,3.1,2163,0,0,0,0,73,,,,,0.020,0.020,0.000,0.000,0.000,0.000,0.000,0.070,0.000,0.000,0.070,0,0.070,0.000,0.000,0.000,0.000,,0,,83,15,16,62,73,78,105,63,66,47,19,39,110,937,188,70,821,87
241,5033,"Muỗm, quéo","Mango, common; Indian mango, unripe",20.0,82.9,67,281,0.6,0.4,15.3,0.4,0.4,,,,,,,,4,0.20,,,4,,,,,,60,0.06,0.06,0.9,,,,,,,0,,,,1905,,,,,,,,,,,,,,,,,,,,,,,,,,,,0,,,,,,,,,,,,,,,,,,,
242,5034,Na,"Sugarapple, sweetsop",44.4,82.5,66,276,1.6,0.3,14.2,0.8,0.6,,,,,,,,35,0.60,21,0.170,45,260,22,0.21,200,0.6,36,0.11,0.10,0.8,0.226,0.2,14,0,,0,0,,,,0,,,,,,,,,,0.050,0.030,0.000,0.020,0.000,0.000,0.000,0.110,0.000,0.000,0.110,0,0.040,0.000,0.000,0.000,0.000,,0,,55,7,10,,,,,,,,,,,,,,,
243,5035,Nhãn,Longan,45.0,86.3,48,201,0.9,0.1,10.9,1.0,0.8,,,,,,,,21,0.40,10,0.100,12,257,26,0.29,150,,58,0.03,0.14,0.3,,,,,,,0,,,,0,,,,,,,,,,,,,,,,,,,,,,,,,,,,0,,46,13,,30,34,58,54,26,35,12,,25,157,126,209,42,42,48
244,5036,Nhãn khô,"Longan, dried",0.0,25.0,285,1194,4.3,0.5,65.9,1.7,2.6,,,,,,,,32,4.40,46,0.250,117,658,48,0.22,807,,34,0.02,0.50,1.0,,,,,,,0,,,,0,,,,,,,,,,,,,,,,,,,,,,,,,,,,0,,172,49,,112,128,217,202,97,131,45,,94,585,469,780,158,158,180
245,5037,Nho ngọt,"Grape, European, sweet",1.9,82.1,68,286,0.4,0.2,16.3,0.6,0.4,15.48,0,0,0,8.13,7.2,0.15,17,0.60,7,0.070,22,191,2,0.07,127,0.1,3,0.06,0.04,0.2,0.05,0.086,2,0,0.3,0,0,,0.19,14.6,39,1,0,0,72,27,,,,,0.050,0.050,0.000,0.010,0.000,0.000,0.000,0.010,0.000,0.000,0.010,0,0.040,0.010,0.000,0.000,0.000,,0,,11,17,2,10,14,14,10,4,37,18,8,9,21,60,104,15,17,24
246,5038,Nho ta (nho chua),"Grape fruit, sour",13.0,93.6,14,59,0.4,,3.1,2.4,0.5,,,,,,,,40,1.40,15,0.070,21,120,11,0.17,160,,45,0.05,0.04,0.3,,,,,,,0,,,,15,,,,,,,,,,,,,,,,,,,,,,,,,,,,0,,,,,,,,,,,,,,,,,,,
247,5039,Nhót,Silver berry,24.0,94.0,13,55,1.2,,2.1,2.3,0.4,,,,,,,,27,0.20,,,30,,,,,,,,,,,,,,,,0,,,,,,,,,,,,,,,,,,,,,,,,,,,,,,,,0,,,,,,,,,,,,,,,,,,,
248,5040,Ổi,"Guava, common",5.0,85.0,38,159,0.6,1.0,6.8,6.0,0.7,8.92,,,,,,,10,1.30,22,0.150,16,291,4,2.40,20,0.6,62,0.05,0.04,1.1,0.451,0.11,49,0,,0,0,,0.73,2.6,374,0,0,5204,0,,,,,,0.270,0.230,0.000,0.030,0.000,0.000,0.000,0.090,0.000,0.010,0.080,0,0.290,0.110,0.000,0.000,0.000,,0,,72,16,22,6,96,87,171,93,,22,,31,128,162,333,128,78,75
249,5041,Quả bơ vỏ tím,"Avocado, purple",27.0,88.3,74,310,1.8,6.2,2.8,0.4,0.5,,,,,,,,49,1.40,,,69,,,,,,,,,,,,,,,,0,,,,,,,,,,,,,,,,,,,,,,,,,,,,,,,,0,,,,,,,,,,,,,,,,,,,
250,5042,Quả bơ vỏ xanh,"Avocado, green",28.0,85.4,101,424,1.9,9.4,2.3,0.5,0.5,2.42,,0,0,0.25,2.17,0,60,1.60,24,0.100,85,351,2,0.40,311,,17,0.02,0.05,0.7,0.931,0.078,35,0,3.2,0,0,,2.66,,53,27,36,0,0,,,,,,1.960,1.910,0.000,0.060,0.000,0.000,0.000,5.510,0.000,0.830,4.690,1,1.580,0.100,0.000,0.000,0.000,,0,,147,42,28,260,82,120,160,94,99,55,31,54,121,264,321,116,110,128
251,5043,Quả cóc,-,25.0,83.9,58,244,1.8,,12.8,0.9,0.6,,,,,,,,38,1.60,,,24,,,,,,,,,,,,,,,,0,,,,,,,,,,,,,,,,,,,,,,,,,,,,,,,,0,,,,,,,,,,,,,,,,,,,
252,5044,Quả thanh long,Dragon's eyes fruit,,87.6,40,167,1.3,,8.7,1.8,0.6,,,,,,,,11,0.60,,,11,,,,,,10,,,,,,,,,,0,,,,,,,,,,,,,,,,,,,,,,,,,,,,,,,,1,,,,,,,,,,,,,,,,,,,
253,5045,Quả trứng gà,-,25.0,73.4,106,444,4.3,0.4,21.3,,0.6,,,,,,,,101,,,,270,,,,,,,,,,,,,,,,0,,,,,,,,,,,,,,,,,,,,,,,,,,,,,,,,0,,,,,,,,,,,,,,,,,,,
254,5046,Quất chín (cả vỏ),"Mandarin, whole fruit",4.0,89.0,26,107,0.9,,5.5,4.1,0.5,,,,,,,,124,0.30,,,42,,,,,,43,0.10,0.02,0.2,,,,,,,0,,,,100,,,,,,,,,,,,,,,,,,,,,,,,,,,,0,,,,,,,,,,,,,,,,,,,
255,5047,Quít,Tangerine; Orange; Mandarin,19.8,89.5,39,164,0.8,0.3,8.3,0.6,0.5,10.58,0,0,0,2.4,2.13,6.05,35,0.40,10,0.080,17,111,4,0.20,100,0.4,55,0.08,0.03,0.2,0.216,0.078,16,0,0.8,0,0,,0.2,0,71,14,485,0,243,,,,,,0.040,0.040,0.000,0.000,0.000,0.000,0.000,0.060,0.000,0.010,0.050,0,0.050,0.020,0.000,0.000,0.000,,0,,32,2,2,18,16,21,28,17,68,11,2,15,28,129,61,19,74,33
256,5048,Sầu riêng,"Durian, Civet",75.0,66.8,132,552,2.5,1.6,26.9,1.4,0.8,,,,,,,,20,0.90,33,0.330,63,601,1,0.28,0,,37,0.27,0.29,1.2,0.23,0.316,36,,,0,0,,,,23,6,0,0,0,,,,,,,,,,,,,,,,,,,,,,,,0,,,,,,,,,,,,,,,,,,,
257,5049,Sấu chín,"Sanpidus, ripe",24.0,87.0,38,159,1.3,,8.2,2.7,0.8,,,,,,,,100,,,,44,,,,,,3,,,,,,,,,,0,,,,,,,,,,,,,,,,,,,,,,,,,,,,,,,,0,,,,,,,,,,,,,,,,,,,
258,5050,Táo ta,"Jujube, common or Chinese; Chinese date",14.0,89.5,38,160,0.8,0.2,8.3,0.7,0.5,,,,,,,,44,0.20,10,0.080,25,250,3,0.05,73,,24,0.06,0.04,0.6,,0.081,,,,,0,,,,5,,,,,,,,,,,,,,,,,,,,,,,,,,,,0,,,,,,,,,,,,,,,,,,,
259,5051,Táo tây,"Apple, common, domestic",12.0,87.2,48,199,0.5,0.2,11.0,0.6,0.5,10.39,0,0,0,5.9,2.43,2,19,2.50,3,0.060,13,102,15,0.20,100,0.2,7,0.04,0.03,0.2,0.061,0.041,3,0,0.3,0,0,,0.18,2.2,27,0,11,0,29,14,,,,,0.030,0.020,0.000,0.000,0.000,0.000,0.000,0.010,0.000,0.000,0.010,0,0.040,0.010,0.000,0.000,0.000,,0,12,36,5,6,15,22,24,37,21,16,12,8,9,27,125,67,23,19,26
260,5052,Vải,Litchi; lychee,48.0,87.8,45,188,0.7,0.4,9.6,1.1,0.4,15.23,,,,,,,6,0.50,10,0.060,34,171,1,0.07,148,0.6,36,0.02,0.04,0.7,,0.1,14,0,,0,0,,0.07,0.4,,,,,,,,,,,0.100,0.070,0.000,0.020,0.000,0.000,0.000,0.120,0.000,0.000,0.120,0,0.070,0.070,0.000,0.000,0.000,,0,,41,9,7,,,,,,,,,,,,,,,
261,5053,Vải khô,"Litchi, dried with shells",44.0,34.9,260,1086,3.0,1.9,57.6,1.0,1.6,66.1,,,,,,,25,4.40,42,0.230,58,1110,3,0.28,631,1.3,183,0.01,0.57,3.1,,0.09,12,0,,0,0,,0.31,1.6,0,,,,,,,,,,0.270,0.190,0.000,0.070,0.000,0.000,0.000,0.330,0.000,0.000,0.320,0,0.180,0.180,0.000,0.000,0.000,,0,,,,,,,,,,,,,,,,,,,
262,5054,Vú sữa,"Starapple, cainito",22.0,86.5,42,174,1.0,,9.4,2.3,0.8,,,,,,,,68,0.40,,,32,,,,,,5,0.01,0.02,0.9,,,,,,,0,,,,,,,,,,,,,,,,,,,,,,,,,,,,,,,,0,,,,,,,,,,,,,,,,,,,
263,5055,Xoài chín,"Mango, common; India mango, ripe",20.0,82.6,62,257,0.6,0.3,14.1,1.8,0.6,14.8,,,,,,,10,0.40,9,0.280,13,114,2,0.56,150,0.6,30,0.05,0.05,0.3,0.16,0.134,14,0,,0,0,,1.12,4.2,445,17,11,,,,,,,,0.070,0.050,0.000,0.000,0.000,0.000,0.000,0.100,0.000,0.050,0.050,0,0.010,0.040,0.000,0.000,0.000,,0,,41,5,8,17,19,26,31,18,19,12,,10,51,42,60,21,18,22
264,5056,Quả kiwi,Kiwi fruit,14.0,83.1,56,234,1.1,0.5,11.7,3.0,0.6,8.99,0.17,0.19,0,4.35,4.11,0.15,34,0.31,17,0.100,34,312,3,0.14,130,0.2,93,0.03,0.03,0.3,0.183,0.063,25,0,,0,0,,1.46,40.3,52,0,0,0,122,,,,,,0.030,0.020,0.000,0.010,0.000,0.000,0.000,0.050,0.000,0.000,0.050,0,0.250,0.040,0.000,0.000,0.000,,0,,61,24,15,44,47,57,66,51,81,27,31,34,53,126,184,60,44,53
265,6001,Bơ,"Butter, unsalted",0.0,15.4,756,3161,0.5,83.5,0.5,0.0,0.1,,,,,,,,12,0.10,2,0.000,12,24,11,0.09,16,1,0,0.01,0.04,0.0,0.11,0.003,3,0,,0,600,,2.32,7,158,0,0,0,0,,0,0,0,0,51.370,21.700,0.560,10.000,0.140,0.000,0.000,21.020,0.000,0.960,16.980,3,2.170,0.320,0.000,0.000,0.000,2.982,270,4,,,,,,,,,,,,,,,,,,
266,6002,"Dầu thảo mộc (Lạc, vừng, cám...)","Vegetable oil, mix",0.0,0.3,897,3754,0.0,99.7,0.0,0.0,0.0,0,0,0,0,0,0,0,,,,,,,,,,,0,,,,,,,,,,,,,,0,0,0,0,0,0,0,0,0,0,,,,,,,,,,,,,,,,,,,,,0,0,0,0,0,0,0,0,0,0,0,0,0,0,0,0,0,0
267,6003,Mỡ lợn muối,"Lard, salted",0.0,3.0,827,3460,2.0,91.0,0.0,0.0,4.0,0,0,0,0,0,0,0,,,,,,,,,,,0,,,,,,,,,,,,,,0,0,0,0,0,0,0,0,0,0,,,,,,,,,,,,,,,,,,,,,,,,,,,,,,,,,,,,,,
268,6004,Mỡ lợn nước,"Lard, liquid",0.0,0.4,896,3751,0.0,99.6,0.0,0.0,0.0,0,0,0,0,0,0,0,2,0.30,,,12,,,,,,0,0.02,,,,,,,,,,,,,0,0,0,0,0,0,0,0,0,0,39.100,23.800,0.000,13.500,0.000,0.000,0.000,45.100,0.000,2.700,41.200,11,10.200,1.000,0.000,0.000,0.000,,95,,,,,,,,,,,,,,,,,,,
269,6005,Bơ thực vật,"Butter-margarine blend, stick, unsalted",0.0,18.5,729,3049,0.5,80.7,0.1,0.0,0.2,,,,,,,,17,,2,0.000,13,25,2,0.02,0,0,0,0.01,0.02,0.0,0.049,0.005,1,0,,0.06,768,,12.8,93,610,0,0,0,0,0,,,,,15.000,9.500,0.000,5.000,0.000,0.000,0.000,36.700,0.000,0.000,36.700,25,24.700,0.300,0.000,0.000,0.000,,0,265,39,12,7,24,22,33,49,30,18,13,5,24,17,38,104,11,48,27
270,6006,Dầu bông,"Cottonseed oil, salad or cooking",0.0,0.0,900,3766,0.0,100.0,0.0,0.0,0.0,0,0,0,0,0,0,0,,,,,,,,,,,,,,,,,,,,,,,35.3,24.7,0,0,0,0,0,0,0,0,0,0,25.900,22.700,0.000,2.300,0.000,0.000,0.000,17.800,0.000,0.800,17.000,51,51.500,0.200,0.000,0.000,0.000,,0,324,0,0,0,0,0,0,0,0,0,0,0,0,0,0,0,0,0,0
271,6007,Dầu cám gạo,Rice bran oil,0.0,0.0,900,3766,0.0,100.0,0.0,0.0,0.0,0,0,0,0,0,0,0,,0.07,,,,,,,,,,,,,,,,,,,,,32.3,24.7,0,0,0,0,0,0,0,0,0,0,19.700,16.900,0.000,1.600,0.000,0.000,0.000,39.300,0.000,0.200,39.100,35,33.400,1.600,0.000,0.000,0.000,,0,1190,0,0,0,0,0,0,0,0,0,0,0,0,0,0,0,0,0,0
272,6008,Dầu cọ,Palm oil,0.0,0.0,900,3766,0.0,100.0,0.0,0.0,0.0,0,0,0,0,0,0,0,,,,,,,,,,,,,,,,,,,,,,,15.94,8,0,0,0,0,0,0,0,0,0,0,49.300,43.500,0.000,4.300,0.000,0.000,0.000,37.000,0.000,0.300,36.600,9,9.100,0.200,0.000,0.000,0.000,,0,,0,0,0,0,0,0,0,0,0,0,0,0,0,0,0,0,0,0
273,6009,Dầu dừa,Coconut oil,0.0,0.0,900,3766,0.0,100.0,0.0,0.0,0.0,0,0,0,0,0,0,0,,0.04,,,,,,,,,,,,,,,,,,,,,0.09,0.5,0,0,0,0,0,0,0,0,0,0,86.500,8.200,0.000,2.800,0.000,0.000,0.000,5.800,0.000,0.000,5.800,1,1.800,0.000,0.000,0.000,0.000,,0,86,0,0,0,0,0,0,0,0,0,0,0,0,0,0,0,0,0,0
274,6010,Dầu đậu tương,"Soybean oil, salad or cooking",0.0,0.0,900,3766,0.0,100.0,0.0,0.0,0.0,0,0,0,0,0,0,0,,0.02,,,,,,,,,,,,,,,,,,,,,9.21,197.6,0,0,0,0,0,0,0,0,0,0,14.400,10.300,0.000,3.800,0.000,0.000,0.000,23.300,0.000,0.200,22.800,57,51.000,6.800,0.000,0.000,0.000,,0,250,0,0,0,0,0,0,0,0,0,0,0,0,0,0,0,0,0,0
275,6011,Dầu lạc,"Peanut oil, salad or cooking",0.0,0.0,900,3766,0.0,100.0,0.0,0.0,0.0,0,0,0,0,0,0,0,,0.03,,,,,,,,,,,,,,,,,,,,,15.69,0.7,0,0,0,0,0,0,0,0,0,0,16.900,9.500,0.000,2.200,1.400,2.800,0.900,46.200,0.000,0.100,44.800,32,32.000,0.000,0.000,0.000,0.000,,0,207,0,0,0,0,0,0,0,0,0,0,0,0,0,0,0,0,0,0
276,6012,Dầu mè,"Sesame oil, salad or cooking",0.0,0.0,900,3766,0.0,100.0,0.0,0.0,0.0,0,0,0,0,0,0,0,,,,,,,,,,,,,,,,,,,,,,,1.4,13.6,0,0,0,0,0,,0,0,0,0,14.200,8.900,0.000,4.800,0.000,0.000,0.000,39.700,0.000,0.200,39.300,41,41.300,0.300,0.000,0.000,0.000,,0,865,0,0,0,0,0,0,0,0,0,0,0,0,0,0,0,0,0,0
277,6013,Dầu ngô,"Corn oil, salad or cooking",0.0,0.0,900,3766,0.0,100.0,0.0,0.0,0.0,0,0,0,0,0,0,0,,,,,,,,,,,,,,,,,,,,,,,14.3,1.9,0,0,0,0,0,0,0,0,0,0,12.950,10.580,0.070,1.850,0.430,0.000,,27.580,0.000,0.110,27.330,54,53.230,1.160,0.000,0.000,0.000,0.286,0,968,0,0,0,0,0,0,0,0,0,0,0,0,0,0,0,0,0,0
278,6014,Dầu oliu,"Olive oil, salad or cooking",0.0,0.0,900,3766,0.0,100.0,0.0,0.0,0.0,0,0,0,0,0,0,0,1,0.56,,,,1,2,,,,,,,,,,,,,,,,14.35,60.2,0,0,0,0,0,0,0,0,0,0,13.810,11.290,0.020,1.950,0.410,0.130,0.000,72.960,0.000,1.260,71.270,10,9.760,0.760,0.000,0.000,0.000,,0,221,0,0,0,0,0,0,0,0,0,0,0,0,0,0,0,0,0,0
279,7001,Thịt bê mỡ,"Veal meat, lean and fat",2.0,72.8,144,600,19.0,7.5,0.0,0.0,0.7,0,0,0,0,0,0,0,8,1.70,24,0.030,188,329,76,2.55,110,8.5,2,0.23,0.25,6.2,1.36,0.49,13,,0,1.27,0,,0.25,4.6,0,0,0,0,0,,0,0,0,0,3.350,1.760,0.000,1.100,0.000,0.000,0.000,3.040,0.000,0.350,2.600,0,0.390,0.060,0.060,0.000,0.000,,78,,1544,473,199,756,788,977,1481,946,1229,630,158,662,1135,1734,2648,1009,851,788
280,7002,Thịt bê nạc,"Veal meat, lean only",2.0,78.2,85,354,20.0,0.5,0.0,0.0,1.3,0,0,0,0,0,0,0,8,1.70,26,0.030,176,348,80,2.73,116,8.7,2,0.23,0.25,6.2,1.45,0.52,14,,0,1.34,0,,0.25,,0,0,0,0,0,172,0,0,0,0,0.780,0.440,0.000,0.270,0.000,0.000,0.000,0.830,0.000,0.080,0.740,0,0.190,0.010,0.070,0.000,0.000,,79,,1561,478,201,764,796,987,1496,955,1242,637,159,669,1146,1751,2675,1019,860,796
281,7003,Thịt bò loại I,"Beef, grade I",2.0,74.1,118,495,21.0,3.8,0.0,0.0,1.1,0,0,0,0,0,0,0,12,3.10,28,,226,378,83,2.20,160,,1,0.10,0.17,4.2,,,,,,,12,,,,0,0,0,0,0,,0,0,0,0,,0.900,,0.630,,,,,,,,,0.090,0.030,,,,,59,,1860,564,234,920,959,1047,1695,1005,1321,713,268,752,1221,179,3194,1016,790,842
282,7004,Thịt bò loại II,"Beef, grade II",2.0,70.5,167,697,18.0,10.5,0.0,0.0,1.0,0,0,0,0,0,0,0,10,2.70,,,194,,,,,,1,0.10,0.17,4.2,,,,,,,2,,,,0,0,0,0,0,,0,0,0,0,,,,,,,,,,,,,,,,,,,,,1557,456,184,770,809,889,1419,833,1246,580,208,595,1181,1633,2773,1484,982,740
283,7005,"Thịt bò, lưng, nạc","Beef, top loin, seperable lean only, trimmed to 1/8"" fat, prime, raw",2.0,72.7,127,532,23.1,3.9,0.0,0.0,1.0,0,0,0,0,0,0,0,23,1.63,24,0.010,214,361,57,4.05,78,31.2,0,0.08,0.12,6.7,0.678,0.651,13,0,0,0.98,0,,0.29,1.2,0,0,0,0,0,133,0,0,0,0,1.430,0.860,0.000,0.480,0.000,0.000,0.000,1.560,0.000,0.120,1.440,0,0.140,0.010,0.020,0.000,0.000,,40,,1950,601,152,911,922,1145,1835,1050,1492,736,298,735,1403,2102,3464,1405,1100,909
284,7006,"Thịt bò, lưng, nạc và mỡ","Beef, top loin, seperable lean only, trimmed to 1/4"" fat, prime, raw",2.0,67.4,182,763,21.5,10.7,0.0,0.0,0.9,0,0,0,0,0,0,0,5,1.78,22,0.010,185,349,59,3.64,78,17.8,0,0.10,0.15,4.5,0.36,0.44,7,,,3.05,0,,,,0,0,0,0,0,,0,0,0,0,4.290,2.540,0.000,1.230,0.000,0.000,0.000,4.810,0.000,0.390,4.190,0,0.310,0.020,0.050,0.000,0.000,,59,,1791,551,241,841,940,1047,1702,968,1361,737,241,723,1299,1967,3235,1175,951,823
285,7007,Thịt bồ câu ra ràng,Pigeon young bird flesh skin and giblets,60.0,51.7,340,1423,17.5,30.0,0.0,0.0,0.8,0,0,0,0,0,0,0,45,5.40,22,0.020,217,199,54,2.20,437,13.3,5,0.10,0.28,5.3,0.76,0.41,6,0,,0.4,73,,,,0,0,0,0,0,,0,0,0,0,8.430,4.790,0.000,2.690,0.000,0.000,0.000,9.720,0.000,3.470,6.260,3,2.670,0.000,0.160,0.010,0.020,,95,,1537,552,268,773,884,967,1506,943,1210,647,320,789,1194,1557,2378,1491,839,878
286,7008,Thịt chó sốn,Dog meat,2.0,53.0,338,1413,16.0,30.4,0.0,0.0,0.6,0,0,0,0,0,0,0,16,1.00,,,43,,,,,,,0.04,0.08,1.8,,,,,,,,,,,0,0,0,0,0,,0,0,0,0,,,,,,,,,,,,,,,,,,,,,,,,,,,,,,,,,,,,,,
287,7009,Thịt chó vai,"Dog, shoulder",2.0,63.8,230,964,18.0,17.6,0.0,0.0,0.6,0,0,0,0,0,0,0,20,0.70,,,36,,,,,,0,0.04,0.08,1.8,,,,,,,,,,,0,0,0,0,0,,0,0,0,0,,,,,,,,,,,,,,,,,,,,,,,,,,,,,,,,,,,,,,
288,7010,"Thịt cừu, nạc","Mutton meat, lean",2.0,65.8,219,915,16.4,17.0,0.0,0.0,0.8,0,0,0,0,0,0,0,9,2.50,27,0.040,177,256,91,2.90,160,17.8,3,0.17,0.15,5.8,,,,,1,,30,,,,0,0,0,0,0,182,0,0,0,0,6.700,3.300,0.000,2.500,0.000,0.000,0.000,9.700,0.000,0.000,7.500,,1.200,0.300,0.000,0.000,0.000,,78,,1580,441,212,598,764,870,1395,933,212,870,307,598,1300,454,1028,1466,2320,794
289,7011,"Thịt dê, nạc","Goat, meat, lean",2.0,74.4,122,508,20.7,4.3,0.0,0.0,0.6,0,0,0,0,0,0,0,11,2.00,,0.040,129,385,82,4.00,256,8.8,1,0.07,0.13,4.9,,,5,0,,1.13,91,,,,0,0,0,0,0,,0,0,0,0,0.710,0.330,0.000,0.330,0.000,0.000,0.000,1.030,0.000,0.040,0.940,0,0.100,0.020,0.060,0.000,0.000,,57,,1532,552,306,715,981,1103,1716,1042,1512,429,245,633,,,,,,
290,7012,Thịt gà rừng,Grouse field chicken,58.0,69.7,141,589,24.4,4.8,0.0,0.0,1.1,0,0,0,0,0,0,0,14,0.40,,,263,,,,,,,,,,,,,,,,,,,,0,0,0,0,0,,0,0,0,0,,,,,,,,,,,,,,,,,,,,,,,,,,,,,,,,,,,,,,
291,7013,Thịt gà ta,"Chicken meat, average",52.0,65.6,199,833,20.3,13.1,0.0,0.0,1.0,0,0,0,0,0,0,0,12,1.50,29,0.020,200,189,70,1.50,48,14.4,4,0.15,0.16,8.1,0.91,0.35,6,0,,0.31,120,,0.3,1.5,0,0,0,0,0,,0,0,0,0,4.310,3.150,0.000,0.870,0.000,0.000,0.000,6.240,0.000,0.830,5.170,3,2.880,0.140,0.080,0.010,0.030,,75,,1859,653,246,717,787,972,1629,1293,1190,432,288,595,1088,1965,2848,797,925,938
292,7014,Thịt gà tây,Turkey raw flesh and skin giblets,53.0,63.6,218,913,20.1,15.3,0.0,0.0,1.0,0,0,0,0,0,0,0,24,3.20,18,0.020,320,236,66,2.67,127,26.4,0,0.06,0.08,7.0,0.917,0.29,9,0,2,0.36,180,,,,0,0,0,0,0,110,0,0,0,0,3.660,2.430,0.000,0.820,0.000,0.000,0.000,4.940,0.000,0.840,3.990,3,2.830,0.180,0.140,0.000,0.030,,74,,1356,459,198,631,760,810,1267,746,1088,472,154,538,1042,1622,2536,1071,829,666
293,7015,Thịt hươu,Deer meat,2.0,77.9,94,393,19.0,2.0,0.0,0.0,1.1,0,0,0,0,0,0,0,11,2.80,23,0.040,205,318,51,2.09,253,9.7,0,0.26,0.60,5.1,,0.37,4,0,,6.31,8,,0.2,1.1,0,0,0,0,0,,0,0,0,0,0.950,0.410,0.000,0.510,0.000,0.000,0.000,0.670,0.000,0.030,0.630,0,0.310,0.070,0.100,0.000,0.000,,85,,,,,,,,,,,,,,,,,,,
294,7016,Thịt lợn mỡ,"Pork, lean and fat",2.0,47.5,394,1647,14.5,37.3,0.0,0.0,0.7,0,0,0,0,0,0,0,8,0.40,13,0.010,156,253,42,1.59,55,28.4,0,0.00,0.00,0.0,0.526,0.284,4,0,,0.61,2,,,,0,0,0,0,0,,0,0,0,0,12.440,7.650,0.000,4.200,0.000,0.000,0.000,15.930,0.000,0.990,14.660,3,3.300,0.290,0.110,0.000,0.000,,74,,1230,347,160,547,610,737,1088,616,911,509,169,454,832,1249,2062,868,672,574
295,7017,Thịt lợn nạc,"Pork, lean",2.0,73.0,139,582,19.0,7.0,0.0,0.0,1.0,0,0,0,0,0,0,0,7,0.96,32,0.010,190,341,76,2.50,190,23.9,1,0.90,0.18,4.4,0.822,0.415,5,0,2.6,0.84,2,,,,0,0,0,0,0,166,0,0,0,0,2.470,1.570,0.000,0.770,0.000,0.000,0.000,3.230,0.000,0.230,2.930,0,0.620,0.030,0.090,0.000,0.000,,67,,1440,400,230,690,740,910,1190,940,1010,510,202,644,990,1607,2603,1023,821,752
296,7018,"Thịt lợn nửa nạc, nửa mỡ","Pork, medium fat",2.0,60.9,260,1086,16.5,21.5,0.0,0.0,1.1,0,0,0,0,0,0,0,9,1.50,19,0.010,178,285,55,1.91,63,28.7,2,0.53,0.16,2.7,0.672,0.393,4,0,2.6,0.6,10,,,,0,0,0,0,0,,0,0,0,0,7.290,4.520,0.000,2.410,0.000,0.000,0.000,9.340,0.000,0.580,8.580,2,1.880,0.160,0.090,0.000,0.000,,68,,1517,432,202,674,757,911,1344,767,1104,640,210,567,1014,1547,2568,999,789,705
297,7019,Thịt ngỗng,Goose,52.0,46.1,409,1710,14.0,39.2,0.0,0.0,0.7,0,0,0,0,0,0,0,13,1.80,18,0.020,210,308,73,1.72,270,14.4,4,0.20,0.19,5.7,1.294,0.39,4,0,,0.34,17,,,,0,0,0,0,0,165,0,0,0,0,9.780,6.950,0.000,2.330,0.000,0.000,0.000,17.770,0.000,0.980,16.680,3,3.340,0.210,0.000,0.000,0.000,,80,,1252,350,204,618,651,699,1199,641,948,395,99,501,888,1330,2231,869,627,565
298,7020,Thịt ngựa,Horse meat,2.0,66.8,176,736,21.5,10.0,0.0,0.0,1.7,0,0,0,0,0,0,0,13,3.10,20,0.020,200,291,62,4.61,140,6,1,0.07,0.10,4.2,0.6,0.5,8,0,2.6,3.1,37,0.30,0.23,0,0,0,0,0,0,200,0,0,0,0,3.480,2.670,0.050,0.760,0.000,0.000,0.000,3.200,0.000,0.480,2.670,2,1.100,0.960,0.190,0.000,0.000,,75,,2150,602,217,819,839,1077,2043,1398,1548,602,280,796,1163,1785,2625,925,860,908
299,7021,Thịt thỏ nhà,"Rabbit meat, raw",45.0,69.3,158,661,21.5,8.0,0.0,0.0,1.2,,,,,,,,21,1.60,19,0.030,224,330,41,1.57,145,23.7,0,0.08,0.06,7.6,0.8,0.5,8,0,1,7.16,10,,0.4,0,0,0,0,0,0,132,0,0,0,0,1.660,1.250,0.000,0.260,0.000,0.000,0.000,1.500,0.000,0.180,1.280,1,0.860,0.220,0.000,0.000,0.000,,57,,1811,675,337,781,1136,1420,1456,1207,1243,568,273,746,1314,2201,3550,1136,1101,1139
300,7022,Thịt thỏ rừng,Hare rabbit (field or wild),45.0,74.3,103,431,23.5,1.0,0.0,0.0,1.2,,,,,,,,17,4.80,29,,226,378,50,,,9.4,,0.09,0.06,8.1,,,,,,,,,,,0,0,0,0,0,,0,0,0,0,0.690,0.520,0.000,0.110,0.000,0.000,0.000,0.630,0.000,0.080,0.540,0,0.360,0.090,0.000,0.000,0.000,,81,,1908,545,288,895,975,1108,1698,1034,1346,611,274,776,1315,2129,3496,1183,1065,966
301,7023,Thịt trâu,"Buffalo meat, average",0.0,76.3,97,408,20.4,1.4,0.9,0.0,1.1,,,,,,,,12,1.61,32,,197,297,53,1.93,151,9,0,0.04,0.20,6.0,0.16,0.53,8,0,,,,,,,0,0,0,0,0,,0,0,0,0,0.460,0.250,0.000,0.190,0.000,0.000,0.000,0.420,0.000,0.030,0.370,0,0.160,0.040,0.070,0.000,0.000,,46,,1610,511,249,817,976,1084,1755,1023,1278,675,326,818,,2034,2956,795,780,875
302,7024,Thịt trâu bắp,Buffalo meat (shoulder),2.0,74.2,115,479,21.9,3.0,0.0,0.0,0.9,0,0,0,0,0,0,0,30,,,,150,,,,,,,,,,,,,,,,,,,,0,0,0,0,0,,0,0,0,0,,,,,,,,,,,,,,,,,,,,,,,,,,,,,,,,,,,,,,
303,7025,Thịt trâu cổ,"Buffalo meat, neck",2.0,74.9,112,467,20.9,3.1,0.0,0.0,1.1,0,0,0,0,0,0,0,20,,,,160,,,,,,,,,,,,,,,,,,,,0,0,0,0,0,,0,0,0,0,,,,,,,,,,,,,,,,,,,,,,,,,,,,,,,,,,,,,,
304,7026,Thịt trâu đùi,"Buffalo meat, leg",2.0,74.9,112,468,21.2,3.0,0.0,0.0,0.9,0,0,0,0,0,0,0,20,,,,215,,,,,,,,,,,,,,,,,,,,0,0,0,0,0,,0,0,0,0,,,,,,,,,,,,,,,,,,,,,,,,,,,,,,,,,,,,,,
305,7027,Thịt trâu thăn,"Buffalo meat, lean (loin)",2.0,73.0,121,506,22.8,3.3,0.0,0.0,0.9,0,0,0,0,0,0,0,26,3.30,,,165,,,,,,,0.06,0.16,3.5,,,,,,,5,,,,0,0,0,0,0,,0,0,0,0,,,,,,,,,,,,,,,,,,,,,,,,,,,,,,,,,,,,,,
306,7028,Thịt vịt,"Duck meat, average",55.0,59.5,267,1119,17.8,21.8,0.0,0.0,0.9,0,0,0,0,0,0,0,13,1.80,15,0.020,145,209,63,1.36,236,12.4,3,0.07,0.15,4.7,0.951,0.19,13,0,,0.25,270,,0.7,5.5,0,0,0,0,0,138,0,0,0,0,7.330,5.310,0.000,1.770,0.000,0.000,0.000,10.360,0.000,0.850,9.270,3,2.600,0.220,0.000,0.000,0.000,,76,,912,291,144,459,471,573,900,537,770,283,180,395,777,1102,1709,928,686,488
307,7029,Bầu dục bò,"Beef, kidney",7.0,84.3,67,282,12.5,1.8,0.3,0.0,1.1,,,,,,,,9,7.10,13,0.100,219,262,200,1.92,323,141,6,0.40,1.75,5.1,3.97,0.665,98,0,,27.5,330,0.80,0.22,0,0,0,0,20,0,,0,0,0,0,0.870,0.390,0.020,0.370,0.010,0.040,0.000,0.590,0.000,0.040,0.540,0,0.290,0.010,0.230,0.000,0.000,0.1,411,,1138,451,172,809,667,919,1514,1011,971,446,286,575,824,1183,2241,1106,779,732
308,7030,Bầu dục lợn,"Pork, kidney",2.0,82.5,81,339,13.0,3.1,0.3,0.0,1.1,0,0,0,0,0,0,0,8,8.00,17,0.100,223,390,121,2.75,445,190,5,0.38,1.12,4.8,3.13,0.44,42,0,,8.49,150,,,,0,0,0,0,0,334,0,0,0,0,1.040,0.580,0.000,0.410,0.000,0.000,0.000,1.070,0.000,0.090,0.970,0,0.170,0.010,0.080,0.000,0.000,,319,,1330,339,209,548,704,913,1728,678,913,574,235,522,861,1434,2008,965,913,782
309,7031,Bì lợn,Pork skin,10.0,73.3,118,492,23.3,2.7,0.0,0.0,0.7,0,0,0,0,0,0,0,11,0.40,,,8,,,,,,,0.29,0.05,,,,,,,,,,,,0,0,0,0,0,,0,0,0,0,,,,,,,,,,,,,,,,,,,,,,,,,,,,,,,,,,,,,,
310,7032,Chân giò lợn,"Pork, leg",38.0,64.7,230,963,15.7,18.6,0.0,0.0,1.0,,,,,,,,24,2.10,20,0.020,106,315,47,1.93,65,29.4,1,0.01,0.07,1.6,0.685,0.401,7,0,2.6,0.63,30,,,,0,0,0,0,0,160,0,0,0,0,6.540,4.060,0.000,2.160,0.000,0.000,0.000,8.380,0.000,0.530,7.700,2,1.690,0.140,0.090,0.000,0.000,,73,,1550,444,208,689,776,931,1376,787,1120,659,216,583,1032,1584,2636,992,790,720
311,7033,Dạ dày bò,"Stomach, beef",5.0,80.5,97,406,14.8,4.2,0.0,0.0,0.5,0,0,0,0,0,0,0,150,0.90,13,0.090,85,67,97,1.42,70,12.5,0,0.04,0.20,3.6,0.227,0.014,5,0,,1.39,0,,0.09,0,0,0,0,0,0,,0,0,0,0,1.290,0.640,0.080,0.460,0.000,0.010,0.000,1.530,0.000,0.090,1.410,0,0.120,0.010,0.050,0.000,0.000,0.15,122,,933,280,149,448,504,579,784,467,821,336,149,336,784,989,1754,1213,989,579
312,7034,Dạ dày lợn,"Stomach, hog",2.0,81.7,85,354,14.6,2.9,0.0,0.0,0.8,0,0,0,0,0,0,0,8,1.40,11,0.040,144,140,75,1.85,169,31.1,0,0.05,0.18,2.5,1.22,0.034,3,0,,0.3,0,,0.04,0,0,0,0,0,0,,0,0,0,0,4.030,2.260,0.030,1.590,0.020,0.000,0.000,3.590,0.000,0.000,0.000,0,0.720,0.020,0.110,0.000,0.000,0.13,223,,,,,,,,,,,,,,,,,,,
313,7035,Đầu bò,"Head beef (without tongue, brain, ears).",68.0,68.7,185,774,18.1,12.5,0.0,0.0,0.7,0,0,0,0,0,0,0,,,,,,,,,,,,,,,,,,,,,,,,,0,0,0,0,0,,0,0,0,0,,,,,,,,,,,,,,,,,,,,,,,,,,,,,,,,,,,,,,
314,7036,Đầu lợn,"Hog, head",68.0,54.6,335,1403,13.4,31.3,0.0,0.0,0.7,0,0,0,0,0,0,0,,,,,,,,,,,,,,,,,,,,,,,,,0,0,0,0,0,,0,0,0,0,,,,,,,,,,,,,,,,,,,,,,,,,,,,,,,,,,,,,,
315,7037,Đuôi bò,"Beef, tail",46.0,73.0,137,574,19.7,6.5,0.0,0.0,0.8,0,0,0,0,0,0,0,7,2.50,,,162,,,,,,,0.03,0.03,5.4,,,,,,,,,,,0,0,0,0,0,,0,0,0,0,,,,,,,,,,,,,,,,,,,,,,,,,,,,,,,,,,,,,,
316,7038,Đuôi lợn,"Hog, tail",30.0,41.8,467,1954,10.8,47.1,0.0,0.0,0.3,,,,,,,,18,0.99,8,0.010,50,349,63,2.31,84,2.7,0,0.21,0.11,2.1,0.673,0.37,5,0,,0.88,0,,,,0,0,0,0,0,,0,0,0,0,11.640,7.600,0.000,3.510,0.000,0.000,0.000,15.800,0.000,1.220,14.580,3,3.190,0.280,0.210,0.000,0.000,,97,,616,195,54,291,335,313,551,248,723,184,140,195,778,842,1296,1437,918,421
317,7039,Gan bò,"Beef, liver",0.0,75.2,109,458,17.4,3.1,3.0,0.0,1.3,,,,,,,,5,9.00,13,0.300,340,213,110,4.00,1500,39.7,30,0.40,3.00,17.0,7.713,1.083,290,0,,59.3,5000,0.40,0.38,3.1,621,232,11,13,0,,0,0,0,0,1.230,0.310,0.030,0.860,0.000,0.010,0.000,0.480,0.000,0.040,0.420,0,0.300,0.020,0.140,0.000,0.000,0.17,275,,1523,641,280,1122,754,1388,1818,1119,1283,562,243,690,1097,1742,2675,1180,948,793
318,7040,Gan gà,Chicken liver,0.0,75.0,111,466,18.2,3.4,2.0,0.0,1.4,,,,,,,,21,8.20,17,0.200,260,335,71,2.67,300,54.6,7,0.38,1.63,10.4,6.233,0.853,588,0,210,16.58,3290,,0.7,0,56,11,11,40,0,243,0,0,0,0,1.560,0.880,0.000,0.660,0.000,0.010,0.000,1.250,0.000,0.110,1.130,0,0.480,0.010,0.330,0.000,0.000,0.065,345,,1244,463,179,764,676,889,1633,1295,960,338,213,534,940,1437,2417,798,747,710
319,7041,Gan lợn,Pork liver,0.0,74.1,116,484,18.8,3.6,2.0,0.0,1.5,,,,,,,,7,12.00,17,0.300,353,447,110,5.76,510,52.7,18,0.40,2.11,16.2,6.65,0.69,211,0,,26,6000,,,,,,,,0,515,0,0,0,0,1.170,0.440,0.000,0.700,0.000,0.000,0.000,0.520,0.000,0.030,0.460,0,0.350,0.030,0.440,0.000,0.020,,301,,1260,600,340,1150,900,1170,1580,1020,1080,490,236,709,1223,1992,2622,1160,986,1005
320,7042,Gan vịt,Duck liver,0.0,74.1,122,510,17.1,4.7,2.8,0.0,1.3,,,,,,,,17,4.80,24,0.260,177,230,140,3.07,5962,67,7,0.44,1.28,9.1,6.184,0.76,738,0,,54,11984,,,,,,,,0,,0,0,0,0,1.140,0.800,0.000,0.630,0.000,0.000,0.000,0.710,0.000,0.050,0.650,0,0.370,0.000,0.260,0.000,0.000,,515,,1418,444,264,932,833,1181,1691,995,1148,498,252,660,1088,1781,2428,1088,929,806
321,7043,Gân chân bò,M· sè:,0.0,69.2,124,517,30.2,0.3,0.0,0.0,0.3,,0,0,0,0,0,0,,,,,,,,,,,,,,,,,,,,,,,,,0,0,0,0,0,,0,0,0,0,,,,,,,,,,,,,,,,,,,,,,,,,,,,,,,,,,,,,,
322,7044,Lưỡi bò,Beef tongue,8.0,73.2,164,687,13.6,12.1,0.2,0.0,0.9,,,,,,,,7,3.00,16,0.030,162,315,69,2.87,170,9.4,3,0.07,0.15,4.8,0.653,0.31,7,0,,3.79,0,,,,0,0,0,0,0,,0,0,0,0,7.000,4.220,0.000,2.100,0.000,0.000,0.000,7.240,0.000,0.550,6.550,0,0.580,0.000,0.310,0.000,0.000,,87,,1149,315,114,615,648,713,1113,641,949,386,195,482,858,1361,2053,894,696,601
323,7045,Lưỡi lợn,"Hog, tongue",3.0,70.8,178,743,14.2,12.8,1.4,0.0,0.8,0,0,0,0,0,0,0,7,2.40,18,0.010,118,243,110,3.01,70,10.4,4,0.08,0.23,3.0,0.641,0.24,4,0,,2.84,0,,,,0,0,0,0,0,136,0,0,0,0,5.960,3.820,0.000,1.730,0.000,0.000,0.000,8.130,0.000,0.640,7.300,1,1.700,0.080,0.000,0.000,0.000,,101,,1333,365,188,675,689,848,1307,743,1007,409,235,496,861,1515,2052,1205,861,678
324,7046,Lòng lợn (ruột già),"Hog, intestine large raw",2.0,76.6,167,697,6.9,15.1,0.8,0.0,0.6,,,,,,,,12,0.50,,,55,,,,,,,0.09,0.08,1.6,,,,,,,,,,,0,0,0,0,0,,0,0,0,0,,,,,,,,,,,,,,,,,,,,,,,,,,,,,,,,,,,,,,
325,7047,Lòng lợn (ruột non),Hog intestine small raw without fat,2.0,90.5,44,183,7.2,1.3,0.8,0.0,0.2,,,,,,,,7,0.80,,,48,,,,,,,0.09,0.08,1.6,,,,,,,,,,,0,0,0,0,0,,0,0,0,0,,,,,,,,,,,,,,,,,,,,,,,,,,,,,,,,,,,,,,
326,7048,Mề gà,Chicken gizzard,4.0,75.6,99,415,21.3,1.3,0.6,0.0,1.2,0,0,0,0,0,0,0,48,6.60,15,0.060,150,237,69,2.72,116,25.5,4,0.04,0.20,4.8,0.631,0.112,5,0,1,1.21,19,,0.33,0,0,0,0,0,0,,0,0,0,0,0.530,0.350,0.000,0.170,0.000,0.000,0.000,0.510,0.000,0.070,0.430,0,0.250,0.000,0.090,0.000,0.000,0.06,240,,1300,470,180,760,840,820,1300,840,1300,380,240,550,730,1700,3100,960,930,820
327,7049,Óc bò,Brain beef,8.0,79.4,124,517,9.0,9.5,0.5,0.0,1.6,,,,,,,,6,0.90,13,0.030,311,274,126,1.02,287,21.3,11,0.13,0.21,3.8,2.01,0.226,3,0,,9.51,0,,0.99,0,88,0,0,0,0,,0,0,0,0,2.300,0.920,0.030,1.270,0.020,0.030,0.000,1.890,0.000,0.020,1.650,1,0.040,0.000,0.320,0.370,0.850,0.61,3010,,839,482,,703,678,592,888,965,784,320,132,516,,,,,,
328,7050,Óc lợn,Hog brain,8.0,80.1,123,515,9.0,9.5,0.4,0.0,1.0,,,,,,,,7,1.60,14,0.090,311,258,120,1.27,240,15.9,14,0.14,0.19,2.8,2.8,0.19,6,0,,2.19,0,,,,0,0,0,0,0,83,0,0,0,0,2.080,1.030,0.000,1.000,0.000,0.000,0.000,1.660,0.000,0.120,1.070,1,0.090,0.120,0.470,0.000,0.450,,2195,,748,354,132,704,385,531,771,605,712,245,165,316,,1028,1202,493,,
329,7051,Phổi bò,"Beef, lung",8.0,79.1,103,431,15.2,4.7,0.0,0.0,1.0,,,,,,,,10,6.70,14,0.020,195,340,198,1.61,260,44.3,39,0.10,0.14,1.1,1,0.04,11,0,,3.81,14,,,,0,0,0,0,0,,0,0,0,0,0.860,0.450,0.000,0.230,0.000,0.000,0.000,0.640,0.000,0.090,0.470,0,0.170,0.020,0.140,0.000,0.000,,242,,1137,406,148,526,575,731,1008,754,880,393,120,385,1001,977,1726,734,1659,816
330,7052,Phổi lợn,"Hog lung, raw",8.0,80.6,92,383,14.8,3.6,0.0,0.0,1.0,,,,,,,,9,6.40,14,0.020,230,303,153,2.03,83,17.8,12,0.02,0.14,0.6,0.9,0.1,3,0,,2.75,0,,,,0,0,0,0,0,,0,0,0,0,0.960,0.630,0.000,0.290,0.000,0.000,0.000,0.610,0.000,0.050,0.560,0,0.120,0.000,0.180,0.000,0.010,,320,,1389,541,124,653,599,872,1210,1119,1189,468,141,447,890,1266,1464,1027,901,621
331,7053,Sườn lợn,"Pork, ribs",57.0,68.2,187,782,17.9,12.8,0.0,0.0,1.1,0,0,0,0,0,0,0,7,0.61,14,0.010,160,200,60,3.60,100,6.9,0,0.96,0.23,5.2,0.6,0.26,2,0,2.6,0.7,0,0.69,0.1,0,0,0,0,0,0,,0,0,0,0,6.450,3.970,0.000,2.120,0.040,0.000,0.000,7.450,0.000,0.430,6.240,1,1.810,0.160,0.000,0.000,0.000,0.08,65,,1560,420,190,650,740,930,1270,850,1050,650,120,590,1050,1560,2290,910,250,680
332,7054,Tai lợn,Hog ears,4.0,72.9,126,528,21.0,4.1,1.3,0.0,0.7,,,,,,,,21,2.40,7,0.120,41,55,191,0.19,6,4.3,0,0.08,0.11,0.8,0.068,0.02,0,0,,0.07,0,,,,0,0,0,0,0,,0,0,0,0,1.460,0.920,0.000,0.490,0.000,0.000,0.000,1.860,0.000,0.120,1.750,0,0.380,0.040,0.020,0.000,0.000,,82,,1052,133,43,718,629,830,1167,492,1861,269,200,402,2220,1660,2805,4400,2848,941
333,7055,Tim bò,"Beef, heart",8.0,80.4,89,374,15.0,3.0,0.6,0.0,1.0,,,,,,,,5,5.40,21,0.040,185,287,98,1.70,396,21.8,7,0.31,0.49,6.8,1.79,0.279,3,0,2,8.55,6,,0.22,0,0,0,0,17,0,,0,0,0,0,1.380,0.620,0.050,0.620,0.010,0.000,0.000,1.140,0.000,0.060,1.060,0,0.400,0.020,0.130,0.000,0.000,0.18,124,,1431,506,145,628,626,750,1336,1067,911,412,182,499,805,1323,1410,662,605,633
334,7056,Tim gà,Chicken heart,0.0,77.5,114,475,16.0,5.5,0.0,0.0,1.0,,,,,,,,12,5.96,15,0.090,177,176,74,6.59,346,4.3,3,0.15,0.73,4.9,2.559,0.36,72,0,,7.29,9,,,,0,0,0,0,0,,0,0,0,0,1.570,0.860,0.000,0.460,0.000,0.000,0.000,1.400,0.000,0.230,1.170,1,1.130,0.040,0.420,0.000,0.000,,136,,1303,376,199,696,704,880,1355,833,997,408,211,557,980,1512,2308,863,793,627
335,7057,Tim lợn,Hog heart,6.0,79.5,94,393,15.1,3.2,1.2,0.0,1.0,,,,,,,,7,5.90,19,0.060,213,294,56,2.80,408,10.4,1,0.34,0.49,5.7,2.515,0.39,4,0,18.2,3.79,8,,,,0,0,0,0,0,,0,0,0,0,1.160,0.590,0.000,0.450,0.000,0.000,0.000,1.020,0.000,0.100,0.900,1,0.770,0.080,0.270,0.000,0.000,,131,,1371,406,222,762,762,965,1490,846,1049,422,170,627,1100,1760,2488,914,811,762
336,7058,Tiết bò,"Beef, blood",0.0,80.4,75,315,18.0,0.2,0.4,0.0,1.0,,,,,,,,8,52.60,,,31,,,,,,,0.09,0.03,0.6,,,,,,,30,,,,0,0,0,0,0,,0,0,0,0,,,,,,,,,,,,,,,,,,,,,3269,781,,1438,1281,2125,2800,403,1246,1932,1735,774,,,,,,
337,7059,Tiết lợn luộc,"Hog blood, boiled",0.0,86.8,44,183,10.7,0.1,0.0,0.0,2.4,0,0,0,0,0,0,0,7,25.90,,,12,,,,,,,0.00,0.10,0.6,,,,,,,93,,,,0,0,0,0,0,,0,0,0,0,,,,,,,,,,,,,,,,,,,,,,,,,,,,,,,,,,,,,,
338,7060,Tiết lợn sống,"Hog blood, raw",0.0,91.9,25,103,5.7,0.1,0.2,0.0,2.1,,,,,,,,7,20.40,,,7,,,,,,,,0.10,0.6,,,,,,,26,,,,0,0,0,0,0,,0,0,0,0,,,,,,,,,,,,,,,,,,,,,800,134,,410,268,608,473,173,383,593,50,716,,,,,,
339,7061,Tủy xương bò,Beef bone marrow,0.0,8.7,814,3404,1.1,89.9,0.0,0.0,0.3,0,0,0,0,0,0,0,89,,,,,,,,,,,,0.01,0.1,,,,,,,,,,,0,0,0,0,0,,0,0,0,0,,,,,,,,,,,,,,,,,,,,,,,,,,,,,,,,,,,,,,
340,7062,Tủy xương lợn,"Hog, bone marrow",0.0,15.0,749,3134,2.3,82.2,0.0,0.0,0.5,0,0,0,0,0,0,0,,,,,,,,,,,,,,,,,,,,,,,,,0,0,0,0,0,,0,0,0,0,,,,,,,,,,,,,,,,,,,,,,,,,,,,,,,,,,,,,,
341,7063,Ba tê,Pa tª,0.0,47.5,326,1365,10.8,24.6,15.4,0.0,1.7,,,,,,,,26,4.20,,,88,,,,,,0,,,,,,,,,,,,,,0,0,0,0,0,,0,0,0,0,,,,,,,,,,,,,,,,,,,,,,,,,,,,,,,,,,,,,,
342,7064,Chả lợn,"Pork, mince fat meat grilled",0.0,32.6,517,2164,10.8,50.4,5.1,0.0,1.1,,,,,,,,20,,,,100,,,,,,0,,,,,,,,,,,,,,0,0,0,0,0,,0,0,0,0,,,,,,,,,,,,,,,,,,,,,,,,,,,,,,,,,,,,,,
343,7065,Chả quế lợn,"Pork, cinnamon mince grilled",0.0,42.5,416,1740,16.2,39.0,0.0,0.0,2.3,0,0,0,0,0,0,0,16,2.10,,,45,,,,,,0,,,,,,,,,,,,,,0,0,0,0,0,,0,0,0,0,,,,,,,,,,,,,,,,,,,,,,,,,,,,,,,,,,,,,,
344,7066,Dăm bông lợn,"Ham, pork",0.0,48.7,318,1331,23.0,25.0,0.3,0.0,3.0,,,,,,,,10,2.10,,,110,,,,,,0,0.40,0.19,3.8,,,,,,,,,,,0,0,0,0,0,,0,0,0,0,,,,,,,,,,,,,,,,,,,,,1864,621,313,961,1129,1194,1737,1178,1465,759,258,826,1265,2054,3326,1311,1049,961
345,7067,Dồi lợn,Blood mix-pudding with viscera in large intestine,0.0,78.9,114,475,12.4,7.1,0.0,0.0,1.6,0,0,0,0,0,0,0,28,,,,23,,,,,,0,,,,,,,,,,,,,,0,0,0,0,0,,0,0,0,0,,,,,,,,,,,,,,,,,,,,,,,,,,,,,,,,,,,,,,
346,7068,Giò bò,Beef dumpling,0.0,48.8,357,1492,13.8,33.5,0.0,0.0,3.9,0,0,0,0,0,0,0,18,3.20,,,12,,,,,,0,,,,,,,,,,,,,,0,0,0,0,0,,0,0,0,0,,,,,,,,,,,,,,,,,,,,,,,,,,,,,,,,,,,,,,
347,7069,Giò lụa,"Pork, mince lean meat steamed",0.0,72.0,136,567,21.5,5.5,0.0,0.0,1.0,0,0,0,0,0,0,0,,,,,,,,,,,0,,,,,,,,,,,,,,0,0,0,0,0,,0,0,0,0,,,,,,,,,,,,,,,,,,,,,,,,,,,,,,,,,,,,,,
348,7070,Giò thủ lợn,"Pork, head meat, steamed",0.0,29.0,553,2312,16.0,54.3,0.0,0.0,0.7,0,0,0,0,0,0,0,,,,,,,,,,,0,,,,,,,,,,,,,,0,0,0,0,0,,0,0,0,0,,,,,,,,,,,,,,,,,,,,,,,,,,,,,,,,,,,,,,
349,7071,Lạp xường,Chinese sausage,0.0,18.8,585,2448,20.8,55.0,1.7,0.0,3.7,,,,,,,,52,3.00,,,175,,,,,,0,0.46,0.24,4.7,,,,,,,,,,,0,0,0,0,0,,0,0,0,0,,,,,,,,,,,,,,,,,,,,,,,,,,,,,,,,,,,,,,
350,7072,Nem chạo,M· sè:,0.0,68.1,153,638,16.6,6.5,6.9,0.0,1.9,,,,,,,,24,1.60,,,,,,,,,0,,,,,,,,,,,,,,0,0,0,0,0,,0,0,0,0,,,,,,,,,,,,,,,,,,,,,,,,,,,,,,,,,,,,,,
351,7073,Nem chua,"Pork mince, fermented",0.0,68.0,137,574,21.7,3.7,4.3,0.0,2.3,,,,,,,,24,,,,78,,,,,,0,,,,,,,,,,,,,,0,0,0,0,0,,0,0,0,0,,,,,,,,,,,,,,,,,,,,,,,,,,,,,,,,,,,,,,
352,7074,Ruốc thịt lợn,M· sè:,0.0,25.8,369,1544,46.6,20.3,0.0,0.0,7.3,0,0,0,0,0,0,0,29,0.30,,,16,,,,,,0,,,,,,,,,,,,,,0,0,0,0,0,,0,0,0,0,,,,,,,,,,,,,,,,,,,,,,,,,,,,,,,,,,,,,,
353,7075,Thịt bò khô,Dried beef,0.0,32.4,239,1001,51.0,1.6,5.2,0.0,9.8,,,,,,,,31,8.10,,,476,,,,,,0,0.13,0.19,30.3,,,,,,,,,,,0,0,0,0,0,,0,0,0,0,,,,,,,,,,,,,,,,,,,,,,,,,,,,,,,,,,,,,,
354,7076,Thịt trâu khô,"Buffalo meat, dried",0.0,36.4,226,945,50.4,2.7,0.0,0.0,10.5,0,0,0,0,0,0,0,,,,,,,,,,,0,,,,,,,,,,,,,,0,0,0,0,0,,0,0,0,0,,,,,,,,,,,,,,,,,,,,,,,,,,,,,,,,,,,,,,
355,7077,Xúc xích,Pork sausage,2.0,17.0,535,2240,27.2,47.4,0.0,0.0,8.4,0,0,0,0,0,0,0,7,1.90,,,139,,,,,,0,0.34,,,,,,,,,,,,,0,0,0,0,0,,0,0,0,0,,,,,,,,,,,,,,,,,,,,,,,,,,,,,,,,,,,,,,
356,7078,Bột cóc,Toad meat powder,0.0,7.2,342,1432,55.4,13.4,0.0,0.0,24.0,0,0,0,0,0,0,0,,,,,,,,,,,0,,,,,,,,,,,,,,0,0,0,0,0,,0,0,0,0,,,,,,,,,,,,,,,,,,,,,,,,,,,,,,,,,,,,,,
357,7079,Châu chấu,Locust,20.0,71.1,130,542,24.3,3.6,0.0,0.0,1.0,0,0,0,0,0,0,0,210,0.40,,,270,,,,,,0,,,,,,,,,,,,,,0,0,0,0,0,,0,0,0,0,,,,,,,,,,,,,,,,,,,,,,,,,,,,,,,,,,,,,,
358,7080,Ếch (thịt đùi),Frog,0.0,75.0,90,376,20.0,1.1,0.0,0.0,3.9,0,0,0,0,0,0,0,18,1.50,20,,147,285,58,1.00,250,14.1,0,0.14,0.25,1.2,,0.12,15,0,,0.4,15,,1,0.1,0,0,0,0,0,,0,0,0,0,0.080,0.050,0.000,0.020,0.000,0.000,0.000,0.050,0.000,0.010,0.040,0,0.020,0.010,0.030,0.010,0.020,,50,,,,,,,,,,,,,,,,,,,
359,7081,Nhộng,Silk worm,2.0,79.7,111,462,13.0,6.5,0.0,0.0,0.8,0,0,0,0,0,0,0,40,,,,109,,,,,,0,,,,,,,,,,,,,,0,0,0,0,0,,0,0,0,0,,,,,,,,,,,,,,,,,,,,,,,,,,,,,,,,,,,,,,
360,7082,Lòng gà (cả bộ),Chicken giblets,0.0,74.9,119,498,17.9,4.5,1.8,0.0,1.0,,,,,,,,10,5.86,18,0.150,197,228,77,3.32,243,55.2,16,0.09,0.99,0.7,3.208,0.42,345,0,,11.41,2657,,,,0,0,0,0,0,,0,0,0,0,1.360,0.750,0.000,0.470,0.000,0.000,0.000,1.120,0.000,0.160,0.950,1,0.750,0.030,0.270,0.010,0.020,,262,,1305,447,204,810,811,955,1430,897,1194,417,238,587,877,1675,2712,985,910,782
361,8001,Cá bống,"Goby, gudgeon",45.0,81.9,70,295,15.8,0.8,0.0,0.0,1.5,0,0,0,0,0,0,0,17,0.90,,,181,,,,,,0,0.02,0.04,3.2,,,,,,,,,,,0,0,0,0,0,,0,0,0,0,,,,,,,,,,,,,,,,,,,,,1944,598,176,718,927,987,1555,897,957,419,260,718,1067,2243,2781,777,718,718
362,8002,Cá chày,Pond fish,31.0,75.1,113,472,20.1,3.6,0.0,0.0,1.2,0,0,0,0,0,0,0,63,0.20,,,176,,,,,,0,,,,,,,,,,,,,,0,0,0,0,0,,0,0,0,0,,,,,,,,,,,,,,,,,,,,,,,,,,,,,,,,,,,,,,
363,8003,Cá chép,Carp,40.0,79.1,96,403,16.0,3.6,0.0,0.0,1.3,0,0,0,0,0,0,0,17,0.90,30,0.040,184,397,49,1.48,57,12.6,0,0.02,0.04,1.5,0.75,0.19,15,0,,1.53,181,,0.63,0.1,0,0,0,0,0,160,0,0,0,0,1.080,0.660,0.000,0.190,0.000,0.000,0.000,2.240,0.000,0.660,1.150,1,0.520,0.270,0.150,0.240,0.110,,70,,1249,476,200,566,686,1085,1249,822,927,335,177,532,975,1505,2255,975,945,847
364,8004,Cá dưa,Conger pike,,75.6,115,483,17.6,5.0,0.0,0.0,1.8,0,0,0,0,0,0,0,64,,,,70,,,,,,0,,,,,,,,,,,,,,0,0,0,0,0,,0,0,0,0,,,,,,,,,,,,,,,,,,,,,,,,,,,,,,,,,,,,,,
365,8005,Cá dầu,M· sè:,10.0,75.1,96,403,18.9,2.3,0.0,0.0,3.7,0,0,0,0,0,0,0,527,,,,885,,,,,,0,,,,,,,,,,,,,,0,0,0,0,0,,0,0,0,0,,,,,,,,,,,,,,,,,,,,,,,,,,,,,,,,,,,,,,
366,8006,Cá diếc,"Mullet, harder",45.0,78.9,87,364,17.7,1.8,0.0,0.0,1.6,0,0,0,0,0,0,0,70,0.80,,,152,,,,,,0,,,,,,,,,,120,,,,0,0,0,0,0,,0,0,0,0,,,,,,,,,,,,,,,,,,,,,,,,,,,,,,,,,,,,,,
367,8007,Cá đao,"Sawfish, wolfherring",,78.3,94,393,18.3,2.3,0.0,0.0,1.1,0,0,0,0,0,0,0,36,,,,50,,,,,,0,,,,,,,,,,,,,,0,0,0,0,0,,0,0,0,0,,,,,,,,,,,,,,,,,,,,,,,,,,,,,,,,,,,,,,
368,8008,Cá đề,Chinese herring,,78.8,83,347,18.7,0.9,0.0,0.0,1.6,0,0,0,0,0,0,0,80,,,,130,,,,,,0,,,,,,,,,,,,,,0,0,0,0,0,,0,0,0,0,,,,,,,,,,,,,,,,,,,,,,,,,,,,,,,,,,,,,,
369,8009,Cá đối,"Mullet, gray mullet",42.0,76.0,108,451,19.5,3.3,0.0,0.0,1.2,0,0,0,0,0,0,0,21,1.00,29,0.020,224,357,65,0.52,51,36.5,0,0.07,0.15,4.6,0.76,0.425,9,0,,0.22,45,,1,0.1,0,0,0,0,0,,0,0,0,0,1.120,0.750,0.000,0.100,0.000,0.000,0.000,1.080,0.000,0.560,0.290,0,0.090,0.030,0.100,0.220,0.110,,49,,1777,573,217,755,848,997,1573,892,1158,570,207,653,1170,1981,1889,929,684,789
370,8010,Cá đồng tiền,Goby,,76.4,98,412,20.1,2.0,0.0,0.0,1.5,0,0,0,0,0,0,0,90,,,,100,,,,,,0,,,,,,,,,,,,,,0,0,0,0,0,,0,0,0,0,,,,,,,,,,,,,,,,,,,,,,,,,,,,,,,,,,,,,,
371,8011,Cá hồi,Salmon,40.0,71.3,136,568,22.0,5.3,0.0,0.0,1.4,0,0,0,0,0,0,0,13,1.10,31,0.010,230,423,46,0.41,51,36.5,0,0.22,0.07,7.0,0.823,0.549,9,0,,4.17,30,,0.65,0.1,0,0,0,0,0,170,0,0,0,0,1.260,0.750,0.000,0.210,0.000,0.000,0.000,2.130,0.000,0.510,1.200,1,0.210,0.160,0.130,0.430,0.660,,45,,1985,640,242,844,948,1114,1757,996,1294,636,232,730,1307,2214,3227,1038,764,882
372,8012,"Cá khô (chim, thu, nụ, đề)","Dried fish, miscellaneous",15.0,37.8,208,872,43.3,3.9,0.0,0.0,15.0,0,0,0,0,0,0,0,120,0.90,,,95,,,,,,0,0.08,0.31,4.6,,,,,,,,,,,0,0,0,0,0,,0,0,0,0,,,,,,,,,,,,,,,,,,,,,,,,,,,,,,,,,,,,,,
373,8013,Cá lác,M· sè:,,78.1,71,298,16.7,0.5,0.0,0.0,4.7,0,0,0,0,0,0,0,80,,,,210,,,,,,0,,,,,,,,,,,,,,0,0,0,0,0,,0,0,0,0,,,,,,,,,,,,,,,,,,,,,,,,,,,,,,,,,,,,,,
374,8014,Cá mè,"Hypophthalmichthys, chub, dory, tench bream",36.0,74.7,144,600,15.4,9.1,0.0,0.0,0.8,0,0,0,0,0,0,0,157,,,,215,,,,,,0,,,,,,,,,,,,,,0,0,0,0,0,,0,0,0,0,,,,,,,,,,,,,,,,,,,,,,,,,,,,,,,,,,,,,,
375,8015,Cá mòi,Sardin,45.0,75.3,124,519,17.5,6.0,0.0,0.0,1.2,0,0,0,0,0,0,0,80,3.00,24,,240,,100,,170,58,0,0.02,0.15,10.1,,0.96,,,,0.14,20,,,,0,0,0,0,0,345,0,0,0,0,,0.640,,0.250,,,,,,0.390,0.560,,0.090,0.040,0.050,0.580,0.810,,,,2057,577,216,821,1010,1308,1687,1073,1182,415,198,731,1443,2093,2742,1119,767,992
376,8016,Cá mì,M· sè:,0.0,72.7,151,631,16.8,9.3,0.0,0.0,1.2,0,0,0,0,0,0,0,42,1.40,,,173,,,,,,0,0.08,0.21,2.7,,,,,,,30,,,,0,0,0,0,0,,0,0,0,0,,,,,,,,,,,,,,,,,,,200,,,,,,,,,,,,,,,,,,,
377,8017,Cá mối,M· sè:,,73.3,116,487,22.1,3.1,0.0,0.0,1.5,0,0,0,0,0,0,0,60,,,,102,,,,,,0,,,,,,,,,,,,,,0,0,0,0,0,,0,0,0,0,,,,,,,,,,,,,,,,,,,,,,,,,,,,,,,,,,,,,,
378,8018,Cá nạc,Fish low fat,39.0,80.0,80,334,17.5,1.1,0.0,0.0,1.4,0,0,0,0,0,0,0,42,1.40,,,173,,,,,,0,0.06,0.08,2.2,,,,,,,,,,,0,0,0,0,0,,0,0,0,0,,,,,,,,,,,,,,,,,,,,,1420,470,230,610,750,910,1260,1100,930,420,,,,,,,,
379,8019,Cá ngừ,"Flying fish, tuna",42.0,77.5,87,363,21.0,0.3,0.0,0.0,1.2,0,0,0,0,0,0,0,44,1.00,50,0.010,206,518,78,0.52,64,36.5,1,0.02,0.08,4.0,0.75,0.9,2,0,1.5,0.52,5,,0.5,0.1,0,0,0,0,0,,0,0,0,0,0.240,0.160,0.000,0.050,0.000,0.000,0.000,0.150,0.000,0.030,0.110,0,0.010,0.010,0.030,0.040,0.180,,45,,2147,692,262,913,1025,1204,1900,1077,1399,688,251,789,1414,2394,3489,1122,827,954
380,8020,Cá nục,"Scad, anchovy",,74.9,111,462,20.2,3.3,0.0,0.0,1.6,0,0,0,0,0,0,0,85,3.25,41,0.070,160,383,104,1.72,211,36.5,0,0.06,0.26,14.0,0.645,0.143,9,0,,0.62,15,,0.57,0.1,0,0,0,0,0,,0,0,0,0,1.280,0.720,0.000,0.250,0.000,0.000,0.000,1.180,0.000,0.400,0.620,1,0.100,0.000,0.010,0.540,0.910,,60,,1869,602,228,794,892,1048,1654,938,1217,599,218,687,1231,2084,3038,977,720,830
381,8021,Cá phèn,"Goatfish, surmullet, red mullet",,78.2,104,436,15.9,4.5,0.0,0.0,1.4,0,0,0,0,0,0,0,40,,,,50,,,,,,0,,,,,,,,,,,,,,0,0,0,0,0,,0,0,0,0,,,,,,,,,,,,,,,,,,,,,,,,,,,,,,,,,,,,,,
382,8022,Cá quả,"Fish, snake head",40.0,78.0,97,406,18.2,2.7,0.0,0.0,1.1,0,0,0,0,0,0,0,90,,,,240,,,,,,0,0.04,0.12,2.3,,,,,,,,,,,0,0,0,0,0,,0,0,0,0,,,,,,,,,,,,,,,,,,,600,,,,,,,,,,,,,,,,,,,
383,8023,Cá rô đồng,Anabas,44.0,74.2,126,527,19.1,5.5,0.0,0.0,1.2,0,0,0,0,0,0,0,26,0.25,,,151,,,,,,0,,,,,,,,,,,,,,0,0,0,0,0,,0,0,0,0,,,,,,,,,,,,,,,,,,,,,,,,,,,,,,,,,,,,,,
384,8024,Cá rô phi,"Tilapia, African carp",43.0,76.8,100,416,19.7,2.3,0.0,0.0,1.2,0,0,0,0,0,0,0,50,0.53,,,148,,,,,,0,,,,,,,,,,,,,,0,0,0,0,0,,0,0,0,0,,,,,,,,,,,,,,,,,,,,,,,,,,,,,,,,,,,,,,
385,8025,Cá thờn bơn (cá bơn),"Flounder, sole, turbot",,81.3,73,306,17.4,0.4,0.0,0.0,0.9,0,0,0,0,0,0,0,36,,,,45,,,,,,0,,,,,,,,,,,,,,0,0,0,0,0,,0,0,0,0,,,,,,,,,,,,,,,,,,,13,,,,,,,,,,,,,,,,,,,
386,8026,Cá thu,"Mackerel, codfish, kingfish",35.0,70.2,166,692,18.2,10.3,0.0,0.0,1.3,0,0,0,0,0,0,0,50,1.30,35,,90,486,110,,200,,0,0.07,0.17,6.6,,,,,7,,10,,,,0,0,0,0,0,145,0,0,0,0,2.420,1.580,0.000,0.310,0.000,0.000,0.000,4.050,0.000,0.540,1.690,2,0.160,0.120,0.140,0.670,0.160,,,,1600,520,190,730,790,1100,1400,900,1000,840,140,640,1100,1700,2200,840,610,730
387,8027,Cá thu đao,M· sè:,30.0,70.3,156,651,20.0,8.4,0.0,0.0,1.3,0,0,0,0,0,0,0,22,3.00,28,0.020,190,406,86,0.67,93,36.5,0,0.05,0.10,6.0,0.316,0.33,2,0,,4.4,35,,1,0.1,0,0,0,0,0,,0,0,0,0,2.250,1.390,0.000,0.440,0.000,0.000,0.000,2.630,0.000,0.470,1.330,1,0.120,0.050,0.080,0.510,0.930,,47,,1843,594,225,783,880,1034,1631,925,1201,591,215,678,1214,2055,2996,963,710,819
388,8028,Cá trạch (cá chạch),Loach,26.0,74.2,110,462,20.4,3.2,0.0,0.0,2.2,0,0,0,0,0,0,0,109,0.20,,,231,,,,,,0,,,,,,,,,,,,,,0,0,0,0,0,,0,0,0,0,,,,,,,,,,,,,,,,,,,,,,,,,,,,,,,,,,,,,,
389,8029,Cá trắm cỏ,"Carp, amur",35.0,79.4,91,382,17.0,2.6,0.0,0.0,1.0,0,0,0,0,0,0,0,57,0.10,,,145,,,,,,0,,,,,,,,,,,,,,0,0,0,0,0,,0,0,0,0,,,,,,,,,,,,,,,,,,,,,,,,,,,,,,,,,,,,,,
390,8030,Cá trê,"Catfish, silurus, sheatfish, hito",40.0,70.4,173,724,16.5,11.9,0.0,0.0,1.2,0,0,0,0,0,0,0,20,1.00,23,0.020,210,299,53,0.74,101,12.6,0,0.10,0.04,1.4,0.6,0.188,10,0,,2.47,93,,1.2,0.1,0,0,0,0,0,,0,0,0,0,1.770,1.270,0.000,0.350,0.000,0.000,0.000,3.590,0.000,0.280,3.170,1,0.880,0.100,0.090,0.070,0.210,,47,,1429,460,174,607,682,801,1264,717,931,458,167,525,941,1593,2322,747,550,635
391,8031,Cá trích,Herring,35.0,70.5,166,695,17.7,10.6,0.0,0.0,1.2,0,0,0,0,0,0,0,64,2.80,32,0.020,174,423,160,0.53,300,36.5,0,0.02,0.18,5.0,1,0.45,5,0,10,10,20,,,,0,0,0,0,0,210,0,0,0,0,3.260,2.020,0.000,0.260,0.000,0.000,0.000,6.870,0.000,1.060,2.910,2,0.190,0.060,0.250,0.970,0.690,,406,,1506,485,184,640,719,845,1332,755,981,483,176,553,991,1679,2447,787,580,669
392,8032,Cá trôi,"Major carp, mud carp; cirrhina molitorella",27.6,74.3,127,529,18.8,5.7,0.0,0.0,1.2,0,0,0,0,0,0,0,76,0.05,,,185,,,,,,0,,,,,,,,,,,,,,0,0,0,0,0,,0,0,0,0,,,,,,,,,,,,,,,,,,,,,,,,,,,,,,,,,,,,,,
393,8033,Cua bể,"Crab, sea water",40.0,72.2,103,433,17.5,0.6,7.0,0.0,2.7,,,,,,,,141,3.80,48,,191,322,316,1.40,,,0,0.03,0.71,2.7,,,,,,,36,,,,0,0,0,0,0,,0,0,0,0,0.090,,,,,,,0.080,,,,0,,,,,,,78,,1526,517,278,820,888,853,1540,800,1084,407,283,806,982,2054,2780,811,773,839
394,8034,Cua đồng,"Crab, fresh water",69.0,74.4,87,364,12.3,3.3,2.0,0.0,8.0,,,,,,,,120,1.40,,,171,266,453,,,,0,0.01,0.51,2.1,,,,,,,210,,,,0,0,0,0,0,,0,0,0,0,,,,,,,,,,,,,,,,,,,,,,,,,,,,,,,,,,,,,,
395,8035,Ghẹ,Crab,68.0,85.5,54,226,11.9,0.7,0.0,0.0,1.9,0,0,0,0,0,0,0,89,0.74,34,0.150,229,329,293,3.54,669,37.4,0,0.03,0.71,2.7,0.35,0.15,44,0,,9,2,,,,0,0,0,0,0,,0,0,0,0,0.220,0.140,0.000,0.080,0.000,0.000,0.000,0.190,0.000,0.060,0.100,0,0.010,0.000,0.060,0.170,0.150,,78,,,,,,,,,,,,,,,,,,,
396,8036,Hải sâm,"Sea slug, sea cucumber",0.0,76.9,90,374,21.5,0.3,0.2,0.0,1.1,,,,,,,,118,1.40,,,22,,,,,,0,0.01,0.02,0.1,,,,,,,102,,,,0,0,0,0,0,,0,0,0,0,,,,,,,,,,,,,,,,,,,,,885,335,125,510,1090,920,1090,715,1325,210,305,545,1460,2040,3060,3195,1530,1020
397,8037,Hến,Clam,82.0,88.8,45,187,4.5,0.7,5.1,0.0,0.9,,,,,,,,144,1.60,,,86,,,,,,0,,0.12,2.3,,,,,,,,,,,0,0,0,0,0,,0,0,0,0,,,,,,,,,,,,,,,,,,,,,330,108,42,194,165,151,309,194,467,45,59,151,266,438,618,244,179,201
398,8038,Lươn,"Eel, silver - pike",35.0,68.3,180,752,18.4,11.7,0.2,0.0,1.4,,,,,,,,35,1.00,20,0.040,164,272,51,1.62,23,6.5,0,0.15,0.31,3.8,0.24,0.067,15,0,,3,1800,,4,0,0,0,0,0,0,,0,0,0,0,2.360,1.590,0.000,0.190,0.000,0.000,0.000,7.190,0.000,1.260,2.770,0,0.200,0.430,0.100,0.080,0.060,,126,,1040,700,30,1260,1340,1140,1320,1360,1190,495,158,672,922,170,2840,815,658,957
399,8039,Mực khô,"Dried cuttle fish, squid",4.0,26.2,291,1217,60.1,4.5,2.5,0.0,6.7,,,,,,,,27,5.60,,,287,,,,,,0,0.13,0.17,6.8,,,,,,,,,,,0,0,0,0,0,,0,0,0,0,,,,,,,,,,,,,,,,,,,,,,,,,,,,,,,,,,,,,,
400,8040,Mực tươi,"Cuttle fish, raw (Squid)",22.0,81.4,73,307,16.3,0.9,0.0,0.0,1.4,,,,,,,,14,0.60,33,0.040,150,273,44,0.70,1891,44.8,5,0.01,0.06,1.0,0.5,0.056,5,0,,1.3,10,,1.2,0,0,0,0,0,0,,0,0,0,0,0.360,0.260,0.000,0.060,0.000,0.000,0.000,0.110,0.000,0.010,0.050,0,0.000,0.000,0.010,0.150,0.340,,233,,1164,351,174,558,670,680,1096,678,1136,299,204,498,942,1503,2118,974,635,698
401,8041,Ốc bươu,"Snail medium - size, edible",67.0,76.8,84,351,11.1,0.7,8.3,0.0,3.1,,,,,,,,1310,,,,64,,,,,,0,,,,,,,,,,,,,,0,0,0,0,0,,0,0,0,0,,,,,,,,,,,,,,,,,,,,,,,,,,,,,,,,,,,,,,
402,8042,Ốc đá,"Marble snail, edible",80.0,80.3,63,264,11.2,0.3,3.9,0.0,4.3,,,,,,,,1660,,,,83,,,,,,0,,,,,,,,,,,,,,0,0,0,0,0,,0,0,0,0,,,,,,,,,,,,,,,,,,,,,,,,,,,,,,,,,,,,,,
403,8043,Ốc nhồi,"Snail large, edible",79.0,77.6,84,353,11.9,0.7,7.6,0.0,2.2,,,,,,,,1357,,,,191,,,,,,0,0.05,0.17,2.2,,,,,,,,,,,0,0,0,0,0,,0,0,0,0,,,,,,,,,,,,,,,,,,,,,,,,,,,,,,,,,,,,,,
404,8044,Ốc vặn,Helix,70.0,79.1,72,303,12.2,0.7,4.3,0.0,3.7,,,,,,,,1356,,,,51,,,,,,0,,,,,,,,,,,,,,0,0,0,0,0,,0,0,0,0,,,,,,,,,,,,,,,,,,,,,,,,,,,,,,,,,,,,,,
405,8045,"Rạm (muối, đồ)","Small sea - crab bicled, steamed",50.0,64.4,83,347,14.2,2.9,0.0,0.0,18.5,0,0,0,0,0,0,0,4820,,,,330,,,,,,0,,,,,,,,,,,,,,0,0,0,0,0,,0,0,0,0,,,,,,,,,,,,,,,,,,,,,,,,,,,,,,,,,,,,,,
406,8046,Rạm tươi,Small sea - crab,50.0,78.2,77,321,12.9,2.8,0.0,0.0,6.1,0,0,0,0,0,0,0,3520,,,,180,,,,,,0,,,,,,,,,,,,,,0,0,0,0,0,,0,0,0,0,,,,,,,,,,,,,,,,,,,,,,,,,,,,,,,,,,,,,,
407,8047,Rươi,Tylorhynchus sinensis,5.0,81.9,89,373,12.4,4.4,0.0,0.0,1.3,0,0,0,0,0,0,0,66,1.80,,,57,,,,,,0,,,,,,,,,,,,,,0,0,0,0,0,,0,0,0,0,,,,,,,,,,,,,,,,,,,,,,,,,,,,,,,,,,,,,,
408,8048,Sò,Oyster,80.0,82.1,78,328,9.5,2.3,4.9,0.0,1.2,,,,,,,,37,1.90,42,0.600,82,223,380,13.40,1576,77,0,0.03,0.15,1.7,0.5,0.05,10,0,41,16,53,,,,0,0,0,0,0,90,0,0,0,0,0.510,0.360,0.000,0.070,0.000,0.000,0.000,0.360,0.000,0.110,0.190,0,0.030,0.030,0.040,0.440,0.250,,50,,722,245,87,425,419,484,833,762,767,153,148,228,522,827,1489,458,632,425
409,8049,Tép gạo,Tiny shrimp,8.0,84.5,58,241,11.7,1.2,0.0,0.0,2.6,0,0,0,0,0,0,0,910,,,,218,,,,,,0,,,,,,,,,,,,,,,,,,,,0,0,0,0,,,,,,,,,,,,,,,,,,,,,,,,,,,,,,,,,,,,,,
410,8050,Tép khô,"Tiny shrimp, dried",5.0,23.0,269,1125,59.8,3.0,0.7,0.0,13.5,,,,,,,,2000,5.50,,,605,,,,,,0,0.03,0.07,2.5,,,,,,,,,,,,,,,,,0,0,0,0,,,,,,,,,,,,,,,,,,,,,,,,,,,,,,,,,,,,,,
411,8051,Tôm biển,"Sea shrimp, sea-water shrimp",54.0,79.2,82,344,17.6,0.9,0.9,0.0,1.4,,,,,,,,79,1.60,37,0.050,184,185,148,1.11,264,38,0,0.04,0.08,2.3,0.276,0.104,3,0,5,1.16,20,,1.1,0,5,,,,,147,0,0,0,0,0.330,0.180,0.000,0.100,0.000,0.000,0.000,0.250,0.000,0.080,0.150,0,0.030,0.010,0.090,0.260,0.220,,152,,,,,,,,,,,,,,,,,,,
412,8052,Tôm đồng,Fresh-water shrimp,10.0,76.9,90,376,18.4,1.8,0.0,0.0,2.9,0,0,0,0,0,0,0,1120,2.20,42,,150,316,418,,,58.8,0,0.02,0.03,3.2,,,,,,,15,,,,,,,,,,0,0,0,0,,,,,,,,,,,,,,,,,,,,,1560,630,180,830,750,940,1560,980,1730,400,200,556,961,1872,2844,1141,644,674
413,8053,Tôm khô,"Shrimp, dried",5.0,12.6,347,1450,75.6,3.8,2.5,0.0,5.5,,,,,,,,236,4.60,,,995,,,,,,0,0.16,0.34,9.5,,,,,,,,,,,,,,,,,0,0,0,0,,,,,,,,,,,,,,,,,,,,,,,,,,,,,,,,,,,,,,
414,8054,Trai,Manodonta,60.0,89.9,38,160,4.6,1.1,2.5,0.0,1.9,,,,,,,,668,1.50,9,0.500,107,314,56,1.37,344,24.3,0,0.02,0.46,3.1,0.362,0.06,16,0,,49.44,90,,0.31,0.2,0,0,0,0,0,,0,0,0,0,0.090,0.060,0.000,0.020,0.000,0.000,0.000,0.080,0.000,0.020,0.030,0,0.020,0.000,0.040,0.070,0.070,,34,,200,120,50,250,340,250,270,270,240,60,,,,,,,,
415,8055,Bánh phồng tôm rán,Deep fried shrimp paste,0.0,3.8,676,2827,1.6,59.2,34.1,0.0,1.3,,,,,,,,175,,,,30,,,,,,0,,,,,,,,,,,,,,0,0,0,0,0,,0,0,0,0,,,,,,,,,,,,,,,,,,,,,,,,,,,,,,,,,,,,,,
416,8056,Bánh phồng tôm sống,Shrimp paste,0.0,12.0,381,1596,3.4,7.4,75.3,0.0,1.9,,,,,,,,258,,,,50,,,,,,0,,,,,,,,,,,,,,0,0,0,0,0,,0,0,0,0,,,,,,,,,,,,,,,,,,,,,,,,,,,,,,,,,,,,,,
417,8057,Bột cá,Fish flour with bones,0.0,11.6,323,1351,71.2,2.9,3.0,0.0,11.3,,,,,,,,505,50.00,,,207,,,,,,0,0.03,0.38,,,,,,,,,,,,0,0,0,0,0,,0,0,0,0,,,,,,,,,,,,,,,,,,,,,,,,,,,,,,,,,,,,,,
418,8058,Ruốc cá quả,"Shredded snake-head fish, salted and dried",0.0,14.0,312,1304,65.7,4.1,3.0,0.0,13.2,,,,,,,,26,,,,654,,,,,,0,,,,,,,,,,,,,,0,0,0,0,0,,0,0,0,0,,,,,,,,,,,,,,,,,,,,,,,,,,,,,,,,,,,,,,
419,8059,Ruốc tôm,"Shredded shrimp, salted and dried",0.0,13.1,305,1275,65.5,3.1,3.7,0.0,14.6,,,,,,,,,,,,,,,,,,0,,,,,,,,,,,,,,,,,,,,0,0,0,0,,,,,,,,,,,,,,,,,,,,,,,,,,,,,,,,,,,,,,
420,9001,Trứng gà,"Hen egg, raw, whole",14.0,72.0,166,693,14.8,11.6,0.5,0.0,1.1,0.77,0.11,0.11,0.11,0.11,0.21,0.11,55,2.70,11,0.040,210,176,158,0.90,55,31.7,0,0.16,0.31,0.2,1.438,0.143,47,0,25,1.29,700,0.88,0.97,0.3,0,0,0,0,55,,0,0,0,0,3.100,2.230,0.000,0.780,0.010,0.010,0.000,3.810,0.010,0.300,3.470,1,1.150,0.030,0.140,0.000,0.040,,470,,796,428,188,703,598,876,1080,746,778,290,280,514,744,1084,1068,436,488,963
421,9002,Lòng đỏ trứng gà,"Hen egg, yolk",0.0,54.0,327,1366,13.6,29.8,1.0,0.0,1.6,0.56,0.07,0.07,0.07,0.07,0.18,0.07,134,7.00,14,0.060,532,169,108,3.70,125,18.3,0,0.32,0.52,0.0,2.99,0.35,146,0,60,1.95,960,2.68,2.58,0.7,88,38,33,0,1094,,0,0,0,0,9.550,6.860,0.050,2.420,0.030,0.040,0.010,11.740,0.020,0.920,10.700,4,3.540,0.100,0.000,0.010,0.110,,2000,,1104,414,238,709,883,994,1387,934,1130,391,290,701,817,1361,1995,692,678,1351
422,9003,Lòng trắng trứng gà,"Hen egg, white",0.0,88.0,46,193,10.3,0.1,1.0,0.0,0.6,0.71,0.07,0.07,0.07,0.07,0.34,0.07,19,0.30,7,0.010,16,172,215,0.20,25,6.8,0,0.01,0.26,0.1,0.19,0.005,4,0,0,0.09,0,,,,0,0,0,0,0,,0,0,0,0,0.000,0.000,0.000,0.000,0.000,0.000,0.000,0.000,0.000,0.000,0.000,0,0.000,0.000,0.000,0.000,0.000,,0,,665,420,166,679,481,809,940,659,631,245,268,434,697,956,1507,404,406,797
423,9004,Trứng vịt,"Duck egg, whole",12.0,70.0,184,769,13.0,14.2,1.0,0.0,1.8,0.93,,,,,,,71,3.20,17,0.040,210,258,191,0.80,62,36.4,0,0.15,0.30,0.1,1.862,0.25,80,0,,5.4,360,,1.34,0.4,14,0,12,0,459,,0,0,0,0,3.680,3.000,0.000,0.630,0.000,0.000,0.000,6.530,0.000,0.440,6.080,1,0.560,0.100,0.320,0.000,0.000,,884,,951,576,260,840,736,885,1097,598,765,320,285,613,631,777,1789,422,480,963
424,9005,Lòng đỏ trứng vịt,"Duck egg, yolk",0.0,47.5,364,1524,13.6,32.3,4.8,0.0,1.8,,,,,,,,146,5.60,,,328,,,,,,0,0.54,0.94,0.2,,,,,,,1625,,,,695,,,,,,0,0,0,0,,,,,,,,,,,,,,,,,,,,,1180,434,204,679,868,963,1315,827,801,447,191,705,705,1398,1736,462,1059,1207
425,9006,Lòng trắng trứng vịt,"Duck egg, white",0.0,87.8,47,196,10.7,0.1,0.8,0.0,0.6,0,0,0,0,0,0,0,6,,,,8,,,,,,0,,0.20,0.2,,,,,,,0,,,,0,0,0,0,0,,0,0,0,0,,,,,,,,,,,,,,,,,,,,,759,694,150,780,802,845,1026,535,428,267,203,588,493,1069,1635,407,780,994
426,9007,Trứng chim cút,Quail egg,11.0,74.4,154,643,13.1,11.1,0.4,0.0,1.1,0.41,,,,,,,64,3.65,13,0.040,226,132,141,1.47,62,32,0,0.13,0.79,0.2,1.761,0.15,66,0,,1.58,155,,1.08,0.3,11,0,10,0,369,,0,0,0,0,3.560,2.670,0.000,0.840,0.000,0.000,0.000,4.320,0.000,0.470,3.850,1,0.940,0.040,0.120,0.000,0.000,,844,,881,421,209,737,641,940,1146,816,835,315,311,543,762,1294,1662,434,518,992
427,9008,Trứng cá,Fish roe,0.0,64.9,171,716,20.5,9.9,0.0,0.0,4.7,,,,,,,,28,1.10,,,230,,,,,,24,0.93,0.65,1.5,,,,,,,,,,,,,,,,,,,,,,1.100,,0.160,,,,,,,,,0.240,0.370,,,,,,,,,,,,,,,,,,,,,,,,
428,9009,Trứng cá muối,"Fish caviar, black and red, granule",0.0,47.5,274,1144,24.6,17.9,3.5,0.0,6.5,0,0,0,0,0,0,0,275,11.88,300,0.050,356,181,1500,0.95,110,65.5,0,0.19,0.62,0.1,3.5,0.32,50,0,,20,561,5.80,7,0.7,0,0,0,0,720,,0,0,0,0,4.060,3.560,0.000,0.290,0.000,0.000,0.000,4.630,0.000,1.040,3.170,7,0.080,0.020,0.510,2.740,3.800,,588,,1834,646,323,1071,1263,1263,2133,1035,1590,649,449,968,1653,2385,3633,740,1200,1897
429,9010,Trứng vịt lộn,"Duck egg, embryonated",12.0,67.0,182,761,13.6,12.4,4.0,0.0,3.0,,,,,,,,82,3.00,,,212,,,,,,3,0.12,0.25,0.8,,,,,,,875,,,,435,,,,,,0,0,0,0,,,,,,,,,,,,,,,,,,,,,,,,,,,,,,,,,,,,,,
430,9011,Bột trứng,Chicken egg powder,0.0,8.5,563,2356,44.0,42.2,1.8,0.0,3.5,,,,,,,,186,9.30,,,786,,,,,,,0.35,1.23,0.2,,,,,,,1340,,,,770,,,,,,0,0,0,0,,,,,,,,,,,,,,,,,,,,,,,,,,,,,,,,,,,,,,
431,10001,Sữa bò tươi,"Milk cow, fresh (fluid)",0.0,86.2,74,311,3.9,4.4,4.8,0.0,0.7,5.26,0,0,5.26,0,0,0,120,0.10,16,0.000,95,143,380,0.40,20,1.2,1,0.05,0.19,0.1,0.362,0.036,5,0,1.4,0.44,50,1.00,0.06,0.2,22,0,0,0,0,,0,0,0,0,1.870,0.830,0.000,0.370,0.000,0.000,0.000,0.810,0.000,0.000,0.810,0,0.120,0.080,0.000,0.000,0.000,,42,,320,90,50,180,190,240,460,250,170,100,28,137,95,221,640,57,297,167
432,10002,Sữa dê tươi,"Milk goat's, whole",0.0,87.2,69,288,3.5,4.1,4.5,0.0,0.7,4.45,,,,,,,147,0.10,14,0.020,126,204,50,0.30,46,1.4,3,0.04,0.18,0.3,0.31,0.046,1,0,2,0.07,50,0.30,0.07,0.3,20,0,0,0,0,,0,0,0,0,2.670,0.910,0.000,0.440,0.000,0.000,0.000,1.110,0.000,0.080,0.980,0,0.110,0.040,0.000,0.000,0.000,,2,,249,80,42,191,161,207,313,159,101,85,85,212,106,244,636,58,350,170
433,10003,Sữa mẹ (sữa người),"Breast milk (Human milk, whole).",0.0,88.3,61,255,1.5,3.0,7.0,0.0,0.2,6.89,,,,,,,34,0.10,2,0.010,15,41,15,0.40,14,1.8,6,0.01,0.04,0.1,0.223,0.011,5,0,0.7,0.05,90,0.10,0.08,0.3,1,0,0,3,1,,,,,,2.010,0.920,0.000,0.290,0.000,0.000,0.000,1.660,0.000,0.130,1.480,0,0.370,0.050,0.030,0.000,0.000,,14,,110,40,30,90,70,130,150,110,60,59,26,82,58,130,264,34,137,60
434,10004,Sữa chua (từ sữa bò),Yogurt (whole milk),0.0,88.7,61,255,3.3,3.7,3.6,0.0,0.7,4.66,,,,,,,120,0.10,12,0.000,95,155,46,0.59,9,2.2,1,0.04,0.20,0.1,0.389,0.032,7,0,,0.37,25,,,,11,0,0,0,0,,0,0,0,0,2.100,0.890,0.000,0.320,0.000,0.000,0.000,0.890,0.000,0.070,0.740,0,0.070,0.030,0.000,0.000,0.000,,13,,360,107,56,199,181,298,388,228,135,109,39,192,134,310,898,80,417,234
435,10005,Sữa chua vớt béo,"Yogurt, chocolate, nonfat milk",0.0,71.6,103,432,3.5,0.0,22.3,1.2,1.4,14.97,,,,,,,143,0.06,40,,109,339,135,1.13,209,7,1,0.04,0.20,0.1,,0.047,12,0,,0.5,4,,0,0,,0,0,0,0,,0,0,0,0,0.000,0.000,0.000,0.000,0.000,0.000,0.000,0.000,0.000,0.000,0.000,0,0.000,0.000,0.000,0.000,0.000,,1,,,,,,,,,,,,,,,,,,,
436,10006,Sữa bột toàn phần,"Milk powder, whole",0.0,3.5,494,2067,27.0,26.0,38.0,0.0,5.5,38.42,,,,,,,939,1.10,85,0.040,790,1330,371,3.34,80,16.3,10,0.24,1.31,0.7,2.271,0.302,37,0,10,3.25,318,7.80,0.48,1.8,43,0,0,0,0,,0,0,0,0,16.740,7.520,0.000,2.850,0.000,0.000,0.000,7.920,0.000,1.200,6.190,0,0.460,0.200,0.000,0.000,0.000,,97,,2230,699,381,1291,1231,1615,2541,1301,942,772,243,1366,1031,1909,5697,524,2471,132
437,10007,Sữa bột tách béo,Skimmed milk powder,0.0,4.0,357,1494,35.0,1.0,52.0,0.0,8.0,51.48,,,,,,,1400,0.45,110,0.020,980,1794,535,4.08,41,27.3,6,0.42,0.60,1.2,3.568,0.361,50,0,16,4.03,6,8.30,0,0.1,1,0,0,0,0,,0,0,0,0,0.500,0.240,0.000,0.090,0.000,0.000,0.000,0.200,0.000,0.020,0.170,0,0.020,0.010,0.000,0.000,0.000,,20,,3047,1243,441,1700,1542,2310,3177,2278,1025,877,131,1559,,,,,,
438,10008,Sữa đặc có đường Việt Nam,"Milk condensed, sweetened",0.0,25.4,336,1404,8.1,8.8,56.0,0.0,1.7,,,,,,,,307,0.60,,,219,,,,,,0,0.06,0.30,0.2,,,,,,,58,,,,50,0,0,0,0,,0,0,0,0,,,,,,,,,,,,,,,,,,,,,536,194,101,401,353,494,698,392,263,206,68,383,272,648,1518,185,728,428
439,10009,Pho mát,Cheese (whole fat),0.0,38.9,380,1590,25.5,30.9,0.0,0.0,4.7,0.52,,,,,,,760,0.50,28,0.010,424,98,621,3.11,31,13.9,1,0.10,0.51,0.1,0.413,0.074,18,0,1.7,0.83,275,0.30,0.29,2.8,118,0,0,0,0,,0,0,0,0,21.090,9.800,0.000,4.010,0.000,0.000,0.000,9.390,0.000,1.000,7.910,0,0.580,0.370,0.000,0.000,0.000,,105,,1883,596,369,1286,943,1618,2076,1138,808,683,141,1385,734,1691,5631,469,2612,1401
440,11001,Chuối nước đường,"Banana, canned, sweetened",0.0,83.9,58,241,0.5,0.0,13.9,1.3,0.4,,,,,,,,12,0.60,,,160,,,,,,9,,,,,,,,,,,,,,,0,0,0,0,,0,0,0,0,,,,,,,,,,,,,,,,,,,0,,,,,,,,,,,,,,,,,,,
441,11002,Dưa chuột hộp,Cucumber (canned),0.0,94.1,8,33,0.3,0.2,1.2,3.1,1.1,1.06,,,,,,,12,0.30,4,0.010,16,23,1208,0.02,85,0,2,0.02,0.03,0.1,0.038,0.009,1,0,,0,,,0.06,13,55,14,32,0,29,,0,0,0,0,0.050,0.040,0.000,0.010,0.000,0.000,0.000,0.000,0.000,0.000,0.000,0,0.040,0.050,0.000,0.000,0.000,,0,14,14,3,3,9,9,11,14,10,21,5,2,6,11,20,95,12,8,10
442,11003,Dứa hộp,"Pineapple, canned, sweetened",0.0,85.7,53,223,0.4,0.1,12.7,0.8,0.3,12.65,,,,,,,20,0.30,16,1.100,12,105,1,0.12,103,0.4,14,0.06,0.01,0.2,0.1,0.074,5,0,,0,,,0.01,0.3,23,0,0,0,0,,0,0,0,0,0.010,0.010,0.000,0.000,0.000,0.000,0.000,0.010,0.000,0.000,0.010,0,0.020,0.020,0.000,0.000,0.000,,0,,16,9,5,9,9,12,14,9,12,8,1,9,18,82,41,14,9,19
443,11004,Lạc chao dầu,"Peanut, oil fried",0.0,1.8,680,2843,25.7,59.5,10.3,,2.7,,,,,,,,,,,,,,,,,,,,,,,,,,,,,,,,0,0,0,0,0,,0,0,0,0,,,,,,,,,,,,,,,,,,,0,,,,,,,,,,,,,,,,,,,
444,11005,Mắc coọc nước đường,Pyrus pachis in syrup,0.0,85.1,56,233,0.2,0.0,13.7,0.7,0.3,,,,,,,,20,0.40,,,16,,,,,,14,,,,,,,,,,,,,,0,0,0,0,0,,0,0,0,0,,,,,,,,,,,,,,,,,,,0,,,,,,,,,,,,,,,,,,,
445,11006,Mận nước đường,"Plum, canned, sweetened",10.0,83.0,64,268,0.4,0.1,15.4,0.9,0.2,15.35,,,,,,,16,0.86,5,0.030,15,93,20,0.08,38,0,0,0.02,0.04,0.3,0.072,0.027,3,0,,0,,,0.18,4.3,127,0,23,0,49,,0,0,0,0,0.010,0.010,0.000,0.000,0.000,0.000,0.000,0.070,0.000,0.000,0.070,0,0.020,0.000,0.000,0.000,0.000,,0,,8,3,,8,8,9,10,7,6,6,2,3,14,116,17,6,16,9
446,11007,Mứt bí ngô,Dried preserved squash,0.0,49.4,198,830,0.5,0.0,49.1,0.7,0.3,,,,,,,,32,,,,92,,,,,,,,,,,,,,,,,,,,0,0,0,0,0,,0,0,0,0,,,,,,,,,,,,,,,,,,,0,,,,,,,,,,,,,,,,,,,
447,11008,Mứt cam có vỏ,"Orange marmalade, jellies",0.0,42.8,218,914,0.4,0.0,54.2,2.2,0.4,,,,,,,,28,0.26,,,22,,,,,,,0.03,0.01,0.0,,,,,,,,,,,50,,,,,,0,0,0,0,,,,,,,,,,,,,,,,,,,0,,,,,,,,,,,,,,,,,,,
448,11009,Mứt chuối,Banana jam,0.0,43.8,218,914,0.7,0.0,53.9,1.3,0.3,,,,,,,,28,0.30,,,28,,,,,,,,,,,,,,,,,,,,0,0,0,0,0,,0,0,0,0,,,,,,,,,,,,,,,,,,,0,,,,,,,,,,,,,,,,,,,
449,11010,Mứt dứa,Pineapple jam,0.0,47.2,208,870,0.5,0.0,51.5,0.4,0.4,,,,,,,,20,0.30,,,16,,,,,,13,0.09,0.05,0.3,,,,,,,,,,,20,,,,,,0,0,0,0,,,,,,,,,,,,,,,,,,,0,,,,,,,,,,,,,,,,,,,
450,11011,Mứt đu đủ,Papaya jam,0.0,53.2,178,745,0.4,0.0,44.1,2.0,0.3,,,,,,,,24,,,,30,,,,,,,,,,,,,,,,,,,,,,,,,,0,0,0,0,,,,,,,,,,,,,,,,,,,0,,,,,,,,,,,,,,,,,,,
451,11012,Nhãn nước đường,"Longan, canned, sweetened",0.0,83.3,62,259,0.5,0.0,15.0,1.0,0.2,,,,,,,,12,0.30,,,230,,,,,,32,,0.04,0.1,,,,,,,,,,,0,0,0,0,0,,0,0,0,0,,,,,,,,,,,,,,,,,,,0,,,,,,,,,,,,,,,,,,,
452,11013,Nước dứa hộp,Pineapple juice,0.0,86.4,53,221,0.4,0.1,12.6,0.2,0.3,9.98,,,,,,,32,0.30,12,0.500,12,130,2,0.11,69,0.1,41,0.04,0.01,0.2,0.056,0.1,18,0,,0,,,0.02,0.3,3,0,0,0,0,,0,0,0,0,0.010,0.010,0.000,0.000,0.000,0.000,0.000,0.010,0.000,0.000,0.010,0,0.020,0.020,0.000,0.000,0.000,,0,,,,,,,,,,,,,,,,,,,
453,11014,Vải nước đường,"Litchi, canned, sweetened",0.0,83.6,60,253,0.4,0.0,14.7,1.1,0.2,,,,,,,,8,0.60,,,160,,,,,,10,,0.04,0.1,,,,,,,,,,,0,0,0,0,0,,0,0,0,0,,,,,,,,,,,,,,,,,,,0,,,,,,,,,,,,,,,,,,,
454,11015,Cá thu hộp,"Mackerel, canned",0.0,57.5,207,867,24.8,12.0,0.0,,5.7,0,0,0,0,0,0,0,50,1.60,,,260,,,,,,,0.02,0.10,6.5,,,,,7,,,,,,0,0,0,0,0,,0,0,0,0,,,,,,,,,,,,,,,,,,,,,,,,,,,,,,,,,,,,,,
455,11016,Cá trích hộp,"Herring, canned",0.0,56.7,233,974,22.3,14.4,3.5,,3.1,,,,,,,,86,2.30,,,437,,,,,,,0.02,0.12,2.5,,,,,,,28,,,,0,0,0,0,0,,0,0,0,0,,,,,,,,,,,,,,,,,,,,,1539,587,227,697,845,1204,1539,1013,1141,414,217,656,1202,1854,2778,1202,1162,1042
456,11017,Thịt bò hộp,"Beef, canned",0.0,61.4,251,1050,16.4,20.6,0.0,,1.6,0,0,0,0,0,0,0,13,2.90,,,250,,,,,,,,0.23,2.5,,,,,,,,,,,0,0,0,0,0,,0,0,0,0,,3.300,0.000,2.700,0.000,0.000,0.000,,,,,,0.700,0.220,,,,,,,,,,,,,,,,,,,,,,,,
457,11018,Thịt gà hộp,"Chicken, canned",0.0,59.0,273,1143,17.0,22.8,0.0,,1.2,0,0,0,0,0,0,0,108,2.80,,,138,,,,,,,0.09,0.37,2.4,,,,,,,520,,,,0,0,0,0,0,,0,0,0,0,,,,,,,,,,,,,,,,,,,,,,,,,,,,,,,,,,,,,,
458,11019,Thịt lổn hộp,"Pork, canned",0.0,49.0,344,1438,17.3,29.3,2.7,,1.7,,,,,,,,9,1.20,,,200,,,,,,0,0.19,0.21,3.2,,,,,,,,,,,0,0,0,0,0,,0,0,0,0,,2.100,0.000,0.450,0.000,0.000,0.000,,,,,,3.940,0.430,,,,,,,,,,,,,,,,,,,,,,,,
459,11020,"Thịt lổn, thịt bò xay hộp","Pork and beef, minced canned",0.0,62.8,244,1021,16.0,20.0,0.0,,1.2,0,0,0,0,0,0,0,8,2.10,,,120,,,,,,1,0.26,0.19,5.5,,,,,,,8,,,,0,0,0,0,0,,0,0,0,0,,,,,,,,,,,,,,,,,,,,,,,,,,,,,,,,,,,,,,
460,11021,Thịt vịt hầm,"Duck, stewed meat",0.0,59.9,224,938,19.6,16.2,0.0,,4.3,0,0,0,0,0,0,0,,,,,,,,,,,0,,,,,,,,,,,,,,0,0,0,0,0,,0,0,0,0,,,,,,,,,,,,,,,,,,,,,,,,,,,,,,,,,,,,,,
461,12001,Bánh bích cốt,Whole wheat rusk,0.0,12.0,346,1448,12.3,1.3,71.3,0.8,2.3,,,,,,,,39,2.70,,,231,,,,,,0,0.36,0.18,0.2,,,,,,,86,,,,13,0,0,0,0,,0,0,0,0,,,,,,,,,,,,,,,,,,,0,,,,,,,,,,,,,,,,,,,
462,12002,Bánh bích quy,Biscuits,0.0,10.4,376,1574,8.8,4.5,75.1,0.5,0.7,,,,,,,,75,3.60,,,79,,,,,,0,0.40,0.26,0.7,,,,,,,19,,,,75,0,0,0,0,,0,0,0,0,,0.720,,0.520,,,,,,,,,1.630,0.240,,,,,0,,,,,,,,,,,,,,,,,,,
463,12003,Bánh chả,Sweet meat pie in lumps,0.0,8.0,395,1653,3.4,6.6,80.5,1.0,0.5,,,,,,,,42,1.90,,,29,,,,,,0,0.04,0.07,0.4,,,,,,,,,,,5,0,0,0,0,,0,0,0,0,,,,,,,,,,,,,,,,,,,0,,,,,,,,,,,,,,,,,,,
464,12004,Bánh con cá,"Small biscuits, fish figured",0.0,10.0,368,1541,7.5,2.2,79.6,0.2,0.5,,,,,,,,54,2.90,,,99,,,,,,0,0.13,0.13,0.9,,,,,,,,,,,5,0,0,0,0,,0,0,0,0,,,,,,,,,,,,,,,,,,,0,,,,,,,,,,,,,,,,,,,
465,12005,Bánh đậu xanh,Mungbean cake,0.0,6.8,416,1738,15.6,11.5,62.4,1.1,2.6,,,,,,,,111,3.40,,,273,,,,,,0,0.20,0.15,6.6,,,,,,,,,,,105,0,0,0,0,,0,0,0,0,,,,,,,,,,,,,,,,,,,0,,,,,,,,,,,,,,,,,,,
466,12006,Bánh kem xốp,Wafers filled,0.0,1.9,492,2059,8.3,24.0,60.7,3.5,1.6,,,,,,,,86,0.80,,,125,,,,,,0,0.12,0.31,0.6,,,,,,,84,,,,0,0,0,0,0,,0,0,0,0,,0.120,,0.050,,,,,,,,,0.010,0.010,,,,,0,,,,,,,,,,,,,,,,,,,
467,12007,Bánh khảo chay,"Rice cake, plain",0.0,5.8,376,1574,3.2,0.3,90.2,0.2,0.3,,,,,,,,2,0.10,,,1,,,,,,0,0.04,,,,,,,,,,,,,0,0,0,0,0,,0,0,0,0,,,,,,,,,,,,,,,,,,,0,,,,,,,,,,,,,,,,,,,
468,12008,Bánh quế,Cinnamon waffle (roll),0.0,3.6,435,1820,8.3,10.7,76.4,0.3,0.7,,,,,,,,33,2.00,,,115,,,,,,0,0.04,1.90,0.7,,,,,,,12,,,,75,0,0,0,0,,0,0,0,0,,,,,,,,,,,,,,,,,,,0,,,,,,,,,,,,,,,,,,,
469,12009,Bánh sô cô la,"Chocolate, filled",0.0,8.5,449,1879,3.9,17.6,68.8,0.0,1.2,,,,,,,,58,3.70,,,142,,,,,,0,0.04,0.17,0.4,,,,,,,13,,,,10,0,0,0,0,,0,0,0,0,,,,,,,,,,,,,,,,,,,0,,,,,,,,,,,,,,,,,,,
470,12010,Bánh thỏi sô cô la,"Chocolate, sweet",0.0,0.8,543,2273,4.9,30.4,62.5,,1.4,,,,,,,,280,1.50,,,280,,,,,,0,0.03,0.01,0.6,,,,,3,,,,,,2,0,0,0,0,,0,0,0,0,,,,,,,,,,,,,,,,,,,0,,,,,,,,,,,,,,,,,,,
471,12011,Bánh trứng nhện,Small biscuit,0.0,11.6,369,1542,9.6,3.7,74.2,0.2,0.7,,,,,,,,76,3.90,,,140,,,,,,0,0.15,0.36,0.9,,,,,,,17,,,,105,0,0,0,0,,0,0,0,0,,,,,,,,,,,,,,,,,,,0,,,,,,,,,,,,,,,,,,,
472,12012,Bột ca cao,Cocoa powder,0.0,3.0,414,1731,19.6,13.7,53.0,4.6,6.1,1.75,,,,,,,128,13.86,499,3.840,734,1524,21,6.81,3788,14.3,0,0.08,0.24,2.2,0.254,0.118,32,0,,0,0,,0.1,2.5,0,0,0,0,38,,,,,,8.070,3.690,0.000,4.250,0.000,0.000,0.000,4.570,0.000,0.000,4.570,0,0.440,0.000,0.000,0.000,0.000,0,0,,983,202,293,941,776,1177,1189,760,1111,339,239,735,904,1953,2948,879,838,846
473,12013,Đường cát,Refined sugar,0.0,1.7,390,1630,0.0,0.0,97.4,0.0,0.9,96.21,0,0,0,0.04,5.2,90.61,178,5.80,29,0.320,72,346,39,0.18,298,1.2,0,0.05,0.10,0.3,0.111,0.026,1,0,0,0,0,0.00,0,0,0,0,0,0,0,0,0,0,0,0,0.000,0.000,0.000,0.000,0.000,0.000,0.000,0.000,0.000,0.000,0.000,0,0.000,0.000,0.000,0.000,0.000,0,0,0,0,0,0,0,0,0,0,0,0,0,0,0,0,0,0,0,0,0
474,12014,Đường kính,Granulated sugar,0.0,0.5,397,1662,0.0,0.0,99.3,0.0,0.2,,,,,,,,0,0.06,,,0,2,,,,,0,0.00,0.03,0.0,,,,,,,,,,,0,0,0,0,0,,0,0,0,0,,,,,,,,,,,,,,,,,,,0,,0,0,0,0,0,0,0,0,0,0,0,0,0,0,0,0,0,0
475,12015,Kẹo bơ cứng,"Toffee, sweets",0.0,8.8,448,1873,2.1,17.2,71.1,0.0,0.8,,,,,,,,64,0.76,,,64,,,,,,0,,,0.4,,,,,,,,,,,0,0,0,0,0,,0,0,0,0,,,,,,,,,,,,,,,,,,,0,,,,,,,,,,,,,,,,,,,
476,12016,Kẹo cà phê,Coffee sweets,0.0,6.6,378,1580,0.0,1.3,91.5,0.0,0.6,,,,,,,,,,,,,,,,,,0,,,,,,,,,,,,,,0,0,0,0,0,,0,0,0,0,,,,,,,,,,,,,,,,,,,0,,0,0,0,0,0,0,0,0,0,0,0,0,0,0,0,0,0,0
477,12017,Kẹo cam chanh,"Sweets, caramel with citron, orange aroma",0.0,5.4,377,1577,0.0,0.5,93.1,0.3,0.7,,,,,,,,23,1.40,,,12,,,,,,0,,,,,,,,,,,,,,0,0,0,0,0,,0,0,0,0,,,,,,,,,,,,,,,,,,,0,,0,0,0,0,0,0,0,0,0,0,0,0,0,0,0,0,0,0
478,12018,Kẹo dừa mềm,Sweets with coconut aroma,0.0,8.5,415,1735,0.6,12.2,75.6,2.5,0.6,,,,,,,,16,0.40,,,7,,,,,,0,,,,,,,,,,,,,,0,0,0,0,0,,0,0,0,0,,,,,,,,,,,,,,,,,,,0,,,,,,,,,,,,,,,,,,,
479,12019,Kẹo dứa mềm,Pineapple sweets candy,0.0,8.5,415,1735,0.6,12.2,75.6,2.5,0.6,,,,,,,,16,0.40,,,7,,,,,,0,,,,,,,,,,,,,,0,0,0,0,0,,0,0,0,0,,,,,,,,,,,,,,,,,,,0,,,,,,,,,,,,,,,,,,,
480,12020,Kẹo lạc,Peanut candy,0.0,5.0,449,1878,10.3,16.5,64.8,2.2,1.2,,,,,,,,,,,,,,,,,,0,,,,,,,,,,,,,,0,0,0,0,0,,0,0,0,0,,,,,,,,,,,,,,,,,,,0,,,,,,,,,,,,,,,,,,,
481,12021,Kẹo Pastille (kẹo ngậm bạc hà),Menthol pastille,0.0,10.2,356,1490,5.2,0.0,83.8,,0.8,,,,,,,,96,1.60,,,18,,,,,,0,,,,,,,,,,,,,,0,0,0,0,0,,0,0,0,0,,,,,,,,,,,,,,,,,,,0,,,,,,,,,,,,,,,,,,,
482,12022,Kẹo sô cô la,Sweets with chocolate,0.0,6.8,388,1624,1.6,4.6,85.1,1.2,0.7,,,,,,,,,,,,,,,,,,0,,,,,,,,,,,,,,0,0,0,0,0,,0,0,0,0,,4.440,,5.150,,,,,,,,,0.550,0.050,,,,,0,,,,,,,,,,,,,,,,,,,
483,12023,Kẹo sữa,Sweets with milk,0.0,8.4,390,1633,2.9,5.2,83.0,,0.5,,,,,,,,,,,,,,,,,,0,,,,,,,,,,,,,,0,0,0,0,0,,0,0,0,0,,8.610,,0.990,,,,,,,,,0.110,,,,,,0,,,,,,,,,,,,,,,,,,,
484,12024,Kẹo vừng viên,Sesame candy,0.0,1.7,417,1744,2.8,6.9,85.9,1.7,1.0,,,,,,,,,,,,,,,,,,0,0.05,0.02,,,,,,,,,,,,0,0,0,0,0,,0,0,0,0,,0.240,,1.750,,,,,,,,,2.510,0.490,,,,,0,,,,,,,,,,,,,,,,,,,
485,12025,Mạch nha,Malt,0.0,15.0,331,1384,0.2,0.0,82.5,0.0,2.3,,,,,,,,,,,,,,,,,,0,,0.10,0.2,,,,,,,,,,,0,0,0,0,0,,0,0,0,0,,,,,,,,,,,,,,,,,,,0,,,,,,,,,,,,,,,,,,,
486,12026,Mật ong,Honey,0.0,18.0,327,1367,0.4,0.0,81.3,0.0,0.3,81.02,3.06,1.42,0,40.39,35.27,0.88,5,0.90,2,0.080,16,52,4,0.22,36,0.8,4,0.00,0.04,0.2,0.068,0.024,2,0,0,0,0,0.00,0,0,0,0,0,0,0,0,0,0,0,0,0.000,0.000,0.000,0.000,0.000,0.000,0.000,0.000,0.000,0.000,0.000,0,0.000,0.000,0.000,0.000,0.000,0,0,0,8,1,4,11,4,9,10,8,5,1,3,8,6,27,18,7,90,6
487,12027,Mứt lạc,Peanut sugar (Jam),0.0,1.8,431,1802,5.4,8.6,82.9,0.7,0.6,,,,,,,,,,,,,,,,,,0,0.16,0.03,3.0,,,,,,,,,,,0,0,0,0,0,,0,0,0,0,,,,,,,,,,,,,,,,,,,0,,,,,,,,,,,,,,,,,,,
488,13001,Cary bột,"Cari powder (Mix, turmeric, red pepper and other spices)",0.0,10.0,283,1182,8.2,7.3,46.0,8.9,19.6,,,,,,,,906,,,,421,,,,,,,0.03,0.40,2.3,,,,,,,,,,,380,,,,,,0,0,0,0,,,,,,,,,,,,,,,,,,,0,,,,,,,,,,,,,,,,,,,
489,13002,Gừng khô (bột),"Ginger root, dried powder",0.0,9.4,323,1350,9.1,5.9,58.3,12.5,4.8,3.4,0.19,0,0,1.78,1.22,0.2,180,11.52,184,26.500,148,1343,32,4.72,480,38.5,7,0.16,0.27,8.4,,0.84,39,0,,0,,,18.02,0.8,88,0,0,0,0,,0,0,0,0,1.940,1.020,0.000,0.140,0.000,0.000,0.000,1.000,0.000,0.000,1.000,1,1.020,0.290,0.000,0.000,0.000,,0,83,299,67,63,236,187,382,387,266,226,158,42,102,163,1090,848,226,216,236
490,13003,Gừng tươi,"Ginger root, fresh",10.0,90.0,29,119,0.4,0.8,5.1,3.3,0.5,1.7,,,,,,,60,2.50,43,0.230,8,316,7,0.34,226,0.7,5,0.04,0.04,0.7,0.203,0.16,11,0,,0,,,0.26,0.1,0,0,0,0,0,,0,0,0,0,0.200,0.120,0.000,0.020,0.000,0.000,0.000,0.150,0.000,0.020,0.120,0,0.120,0.030,0.000,0.000,0.000,,0,15,57,13,12,45,36,73,74,51,43,30,8,20,31,208,162,43,41,45
491,13004,Hạt tiêu,"Peppercorn, seeds",0.0,13.5,231,967,7.0,7.4,34.1,33.5,4.5,0.64,,,,,,,732,4.60,19,0.100,44,1259,44,0.30,100,0.7,0,0.05,0.06,2.6,,0.34,10,0,,,,,0.72,163.7,156,0,48,6,205,0,0,0,0,0,0.980,0.900,0.000,0.000,0.000,0.000,0.000,1.010,0.000,0.000,1.010,1,0.970,0.160,0.000,0.000,0.000,0,0,92,,,,,,,,,,,,,,,,,,
492,13005,Muối,Table salt,0.0,1.0,0,0,0.0,0.0,0.0,0.0,99.0,0,0,0,0,0,0,0,150,0.81,0,0.000,70,4,38758,0.00,0,0,0,0.00,0.00,0.0,0,0,0,0,0,0,0,0.00,0,0,0,0,0,0,0,0,0,0,0,0,0.000,0.000,0.000,0.000,0.000,0.000,0.000,0.000,0.000,0.000,0.000,0,0.000,0.000,0.000,0.000,0.000,0,0,0,0,0,0,0,0,0,0,0,0,0,0,0,0,0,0,0,0,0
493,13006,"Nghệ khô, bột","Turmeric rhizome, dried powder",0.0,11.4,295,1236,7.8,9.9,43.8,21.1,6.0,3.21,0,0,0,0.45,0.38,2.38,146,18.60,193,7.830,284,2525,38,4.35,603,4.5,26,0.03,0.12,2.3,,1.8,39,0,,0,,,3.1,13.4,0,0,0,0,0,,0,0,0,0,3.120,1.690,0.000,0.230,0.000,0.000,0.000,1.660,0.000,0.000,1.660,2,1.690,0.480,0.000,0.000,0.000,,0,82,,,,,,,,,,,,,,,,,,
494,13007,Nghệ tươi,"Turmeric, rhizome, fresh",10.0,86.7,25,103,1.1,0.3,4.4,6.5,1.0,,,,,,,,12,,,,22,587,52,,,,4,0.03,0.03,0.4,,,,,,,,,,,,,,,,,,,,,,,,,,,,,,,,,,,,,,,0,,,,,,,,,,,,,,,,,,,
495,13008,ớt khô bột,"Red pepper, dried powder",0.0,12.0,227,951,15.6,4.2,31.8,23.6,12.8,,,,,,,,85,17.00,,,380,,,,,,0,0.61,0.90,8.1,,,,,,,,,,,8442,,,,,,0,0,0,0,,,,,,,,,,,,,,,,,,,0,,,,,,,,,,,,,,,,,,,
496,13009,Riềng,"Alpinia root, fresh",10.0,91.7,26,109,0.3,,2.5,3.7,1.8,,,,,,,,24,,,,28,,,,,,0,,,,,,,,,,,,,,0,0,0,0,0,,0,0,0,0,,,,,,,,,,,,,,,,,,,0,,,,,,,,,,,,,,,,,,,
497,13010,Maggi,Soybean sauce,0.0,66.0,65,273,10.5,0.1,5.6,0.0,17.8,1.7,,,,,,,20,2.38,40,0.500,130,212,5586,0.43,135,0.8,0,0.06,0.15,4.0,0.376,0.2,18,0,,0,0,0.00,0,0,0,0,0,0,0,,0,0,0,0,0.010,0.010,0.000,0.000,0.000,0.000,0.000,0.020,0.000,0.000,0.020,0,0.040,0.010,0.000,0.000,0.000,,0,,731,167,181,534,407,524,735,487,405,215,107,342,536,882,2411,435,806,483
498,13011,Mắm tôm đặc,Shrimp sauce concentrate,0.0,48.0,73,304,14.8,1.5,0.0,0.0,35.7,0,0,0,0,0,0,0,,,,,,,,,,,0,,,,,,,,,,,,,,0,0,0,0,0,,0,0,0,0,,,,,,,,,,,,,,,,,,,,,,,,,,,,,,,,,,,,,,
499,13012,Mắm tôm loãng,"Shrimp sauce, diluted",0.0,68.6,44,182,7.0,0.8,2.1,0.0,21.5,0,0,0,0,0,0,0,645,,,,226,,,,,,0,,,,,,,,,,,,,,0,0,0,0,0,,0,0,0,0,,,,,,,,,,,,,,,,,,,,,,,,,,,,,,,,,,,,,,
500,13013,Mắm tềp chua,"Tiny shrimp, sour sauce",0.0,55.5,68,283,8.7,1.2,5.5,0.0,29.1,0,0,0,0,0,0,0,,,,,,,,,,,0,,,,,,,,,,,,,,0,0,0,0,0,,0,0,0,0,,,,,,,,,,,,,,,,,,,,,,,,,,,,,,,,,,,,,,
501,13014,Nước mắm cá (loại đặc biệt),Fish - sauce (super quality).,0.0,60.0,60,251,15.0,0.0,0.0,0.0,25.0,0,0,0,0,0,0,0,387,2.70,,,247,,,,,,0,0.09,0.86,,,,,,,,,,,,0,0,0,0,0,,0,0,0,0,,,,,,,,,,,,,,,,,,,,,,,,,,,,,,,,,,,,,,
502,13015,Nước mắm cá loại I,"Fish sauce, grade I",0.0,67.9,28,119,7.1,0.00,0.0,0.0,25.0,,,,,,,,387,2.70,,,247,,,,,,0,0.03,0.27,,,,,,,,,,,,0,0,0,0,0,,,,,,,,,,,,,,,,,,,,,,,,0,,,,,,,,,,,,,,,,,,,
503,13016,Nước mắm loại II,"Fish sauce, grade II",0.0,66.8,21,87,5.2,0.0,0.0,0.0,28.0,0,0,0,0,0,0,0,314,1.90,,,116,,,,,,0,,,,,,,,,,,,,,0,0,0,0,0,,0,0,0,0,,,,,,,,,,,,,,,,,,,0,,,,,,,,,,,,,,,,,,,
504,13017,Nước mắm cá,"Fish sauce, ready-to-serve",0.0,71.1,35,146,5.1,0.01,3.6,0.0,20.2,0,0,0,0,0,0,0,43,0.78,175,0.230,7,288,7720,0.20,50,9.1,1,0.01,0.06,2.3,0.118,0.396,51,0,,0.48,4,0.00,0,0,0,0,0,0,0,,0,0,0,0,0.003,0.001,0.000,0.001,0.000,0.000,0.000,0.002,0.000,0.001,0.001,0,0.000,0.000,0.000,0.001,0.002,,0,,,,,,,,,,,,,,,,,,,
505,13018,Nước mắm cô,"Fish sauce, concentrated",0.0,20.2,131,549,32.8,0.0,0.0,0.0,47.0,0,0,0,0,0,0,0,,,,,,,,,,,0,,,,,,,,,,,,,,0,0,0,0,0,,0,0,0,0,,,,,,,,,,,,,,,,,,,0,,,,,,,,,,,,,,,,,,,
506,13019,Tương ngô,Soybean sauce with rice and maize,0.0,70.3,75,312,3.9,0.1,14.5,0.0,11.2,0,0,0,0,0,0,0,,,,,,,,,,,0,,,,,,,,,,,,,,,,,,,,,,,,,,,,,,,,,,,,,,,,,,0,,,,,,,,,,,,,,,,,,,
507,13020,Tương nếp,Soybean sauce with glutinous rice,0.0,68.3,86,361,4.3,0.7,15.7,0.0,11.0,0,0,0,0,0,0,0,,,,,,,,,,,0,,,,,,,,,,,,,,0,0,0,0,0,,0,0,0,0,,,,,,,,,,,,,,,,,,,0,,,,,,,,,,,,,,,,,,,
508,13021,Tương ớt,Red pepper sauce concentrate,0.0,84.0,37,154,0.5,0.5,7.6,0.9,6.5,2.55,,,,,,,9,0.50,12,,16,564,25,0.15,87,0.2,30,0.01,0.09,0.6,,0.14,11,0,,0,0,,0.36,6.7,257,17,19,0,341,,,,,,0.080,0.070,0.000,0.010,0.000,0.000,0.000,0.410,0.000,0.010,0.400,0,0.070,0.000,0.000,0.000,0.000,,0,,,,,,,,,,,,,,,,,,,
509,13022,Xì dầu,Soybean sauce,0.0,70.8,53,220,6.3,0.04,6.8,0.8,15.3,1.7,,,,,,,19,1.93,43,0.420,125,217,5637,0.52,104,0.5,0,0.03,0.17,2.2,0.297,0.148,14,0,,0,0,,0,0,0,0,0,0,0,,0,0,0,0,0.005,0.004,0.000,0.001,0.000,0.000,0.000,0.006,0.000,0.000,0.006,0,0.016,0.002,0.000,0.000,0.000,,0,,357,91,90,330,254,311,503,297,433,163,110,228,276,674,1479,278,461,363
510,13023,Sốt mayonnaise,Mayonnaise,0.0,21.7,701,2931,0.0,77.8,0.1,0.0,0.4,0.1,,,,,,,7,0.23,1,,25,14,486,0.13,0,1.6,0,0.01,0.06,0.0,,0.01,0,0,,0,,,11.79,24.7,0,0,0,0,0,,0,0,0,0,10.780,7.360,0.000,1.950,0.000,0.000,0.000,18.030,0.000,0.000,18.030,45,40.570,4.970,0.000,0.000,0.000,,0,,0,0,0,0,0,0,0,0,0,0,0,0,0,0,0,0,0,0
511,14001,"Bia (cồn: 4,5 g)","Beer light (4,5 % Alcohol)",0.0,92.5,11,47,0.5,0.0,2.3,0.0,0.2,,,,,,,,6,0.10,6,0.010,26,27,4,0.01,5,0.6,0,0.01,0.03,0.8,0.041,0.046,6,0,3,0.02,,,,,0,0,0,0,0,,0,0,0,0,0.000,0.000,0.000,0.000,0.000,0.000,0.000,0.000,0.000,0.000,0.000,0,0.000,0.000,0.000,0.000,0.000,,0,,14,4,7,11,12,19,14,11,14,10,14,7,23,27,74,22,69,15
512,14002,Cô nhắc (cồn 32 g),Cognac,0.0,67.8,0,0,0.0,0.0,0.0,0.0,0.2,,,,,,,,,,,,,,,,,,0,,,,,,,,,,,,,,0,0,0,0,0,,0,0,0,0,0.000,0.000,0.000,0.000,0.000,0.000,0.000,0.000,0.000,0.000,0.000,0,0.000,0.000,0.000,0.000,0.000,,0,,0,0,0,0,0,0,0,0,0,0,0,0,0,0,0,0,0,0
513,14003,Cốc tai (cồn 13 g),"Cocktail, vermouth sweet",0.0,71.0,63,263,0.0,0.0,15.7,0.0,0.3,,,,,,,,6,0.36,,,6,,,,,,0,,,0.0,,,,,,,,,,,0,0,0,0,0,,0,0,0,0,0.000,0.000,0.000,0.000,0.000,0.000,0.000,0.000,0.000,0.000,0.000,0,0.000,0.000,0.000,0.000,0.000,,0,,0,0,0,0,0,0,0,0,0,0,0,0,0,0,0,0,0,0
514,14004,Coca cola,Coca Cola,0.0,89.4,42,174,0.0,0.0,10.4,0.0,0.2,,,,,,,,8,0.00,,,15,,,,,,0,,,,,,,,,,,,,,0,0,0,0,0,,0,0,0,0,0.000,0.000,0.000,0.000,0.000,0.000,0.000,0.000,0.000,0.000,0.000,0,0.000,0.000,0.000,0.000,0.000,,0,,0,0,0,0,0,0,0,0,0,0,0,0,0,0,0,0,0,0
515,14005,Nước cam tươi,"Orange juice, fresh",0.0,94.1,23,95,0.7,0.2,4.5,0.2,0.3,3.96,,,,,,,26,0.30,11,0.010,16,200,1,0.05,44,0.1,54,0.09,0.03,0.4,0.19,0.04,30,0,,0,,,0.04,0.1,33,6,169,0,115,,0,0,0,0,,,,,,,,,,,,,,,,,,,0,,9,3,2,9,8,11,13,8,47,3,5,4,15,75,33,9,44,13
516,14006,Nước dừa non tươi,"Coconut milk, immature",0.0,94.4,21,87,0.4,0.0,4.8,0.0,0.4,,,,,,,,60,0.30,,,29,,,,,,1,,,,,,,,,,,,,,0,0,0,0,0,,0,0,0,0,0.020,0.020,0.000,0.000,0.000,0.000,0.000,0.040,0.000,0.010,0.030,0,0.030,0.010,0.000,0.000,0.000,,0,,,,,,,,,,,,,,,,,,,
517,14007,Nước ép cà chua,Tomato juice,0.0,94.6,19,79,0.8,0.6,2.6,0.4,1.0,,,,,,,,8,0.30,11,0.070,13,229,269,0.15,61,0.3,7,0.03,0.03,0.7,0.25,0.111,20,0,,,,,0.32,2.3,270,0,0,9037,60,,0,0,0,0,,,,,,,,,,,,,,,,,,,0,,31,2,6,21,21,21,31,19,19,20,12,11,14,23,114,229,20,15
518,14008,Nước khoáng,Mineral water,0.0,99.7,0,0,0.0,0.0,0.0,0.0,0.3,0,0,0,0,0,0,0,5,0.01,,,0,,,,,,0,,,,,,,,,,,,,,0,0,0,0,0,,0,0,0,0,,,,,,,,,,,,,,,,,,,0,,0,0,0,0,0,0,0,0,0,0,0,0,0,0,0,0,0,0
519,14009,Nước quít tươi,Mandarins juice (fresh),0.0,93.8,24,100,0.4,0.2,5.1,0.2,0.3,5.39,,,,,,,20,0.20,8,0.040,24,178,1,0.03,25,0.1,47,0.06,0.02,0.1,0.125,0.042,5,0,,0,,,0.13,0,38,14,214,0,166,,0,0,0,0,,,,,,,,,,,,,,,,,,,0,,7,2,1,6,6,8,10,5,34,2,4,3,11,53,24,7,31,9
520,14010,"Rượu cam, chanh (cồn 24,2 g)","Liqueur, orange flavor",0.0,75.8,0,0,0.0,0.0,0.0,0.0,,,,,,,,,,,,,,,,,,,0,,,,,,,,,,,,,,0,0,0,0,0,,0,0,0,0,0.020,0.020,0.000,0.000,0.000,0.000,0.000,0.040,0.000,0.010,0.030,0,0.030,0.010,0.000,0.000,0.000,,0,,0,0,0,0,0,0,0,0,0,0,0,0,0,0,0,0,0,0
521,14011,Rượu nếp (80g/ 24 ml) (cồn 5 g),Rice glutinous (Alcohol fermentation rice 80 g water 24 ml),0.0,52.4,167,698,4.0,0.0,37.7,0.2,0.7,,,,,,,,,,,,,,,,,,0,,,,,,,,,,,,,,0,0,0,0,0,,0,0,0,0,0.000,0.000,0.000,0.000,0.000,0.000,0.000,0.000,0.000,0.000,0.000,0,0.000,0.000,0.000,0.000,0.000,,0,,,,,,,,,,,,,,,,,,,
522,14012,Rượu trắng (cồn 39 g),Vodka,0.0,61.0,273,1142,,0.0,0.0,0.0,,,,,,,,,,,,,,,,,,,0,,,,,,,,,,,,,,0,0,0,0,0,,0,0,0,0,0.000,0.000,0.000,0.000,0.000,0.000,0.000,0.000,0.000,0.000,0.000,0,0.000,0.000,0.000,0.000,0.000,,0,,,,,,,,,,,,,,,,,,,
523,14013,"Rượu vang đỏ (cồn 9,5 g)",Red wine,0.0,88.0,9,37,0.2,0.0,2.0,0.0,0.3,,,,,,,,8,0.82,,,10,,,,,,0,,0.02,0.1,,,,,,,,,,,0,0,0,0,0,,0,0,0,0,0.000,0.000,0.000,0.000,0.000,0.000,0.000,0.000,0.000,0.000,0.000,0,0.000,0.000,0.000,0.000,0.000,,0,,,,,,,,,,,,,,,,,,,
524,14014,"Rượu vang trắng (cồn 9,5 g)",White wine,0.0,89.9,1,5,0.1,0.0,0.2,0.0,0.3,0.2,0,0,0,0.1,0.1,0,9,0.50,8,0.020,6,61,4,0.06,40,0,0,,0.01,0.1,0.03,0.02,0,0,,0,0,0.00,0,0,0,0,0,0,0,,,,,,0.000,0.000,0.000,0.000,0.000,0.000,0.000,0.000,0.000,0.000,0.000,0,0.000,0.000,0.000,0.000,0.000,,0,,,,,,,,,,,,,,,,,,,
525,14015,Rượu vang trắng ngọt (cồn 10.2 g),"White wine, sweet",0.0,83.4,24,102,0.2,0.0,5.9,0.0,0.3,5.9,0,0,0,3,2.9,0,14,0.58,11,0.020,13,110,13,0.06,40,0,0,0.00,0.01,0.1,0.03,0.012,0,0,,0,0,0.00,0,0,0,0,0,0,0,,0,0,0,0,0.000,0.000,0.000,0.000,0.000,0.000,0.000,0.000,0.000,0.000,0.000,0,0.000,0.000,0.000,0.000,0.000,,0,,,,,,,,,,,,,,,,,,,
526,14016,"Rượu Whisky (cồn 35,2 g)",Whisky liqueur,0.0,64.7,0,0,0.0,0.0,0.0,0.0,0.1,0,0,0,0,0,0,0,2,,,,,,,,,,0,,,,,,,,,,,,,,0,0,0,0,0,,0,0,0,0,0.000,0.000,0.000,0.000,0.000,0.000,0.000,0.000,0.000,0.000,0.000,0,0.000,0.000,0.000,0.000,0.000,,0,,0,0,0,0,0,0,0,0,0,0,0,0,0,0,0,0,0,0
